Date,Tube,Frag.ID,Tank,Notes,DNA_plate,Type,Time.point,notes more
3/30/23,1,Stalophora pistalatta,P4,In exhibit sampling with Brendan,Plate 14,System_coral,System_coral,
3/30/23,2,Acropora mercatia,P4,In exhibit sampling with Brendan,Plate 14,System_coral,System_coral,
3/30/23,3,Acropora cubilus,P4,In exhibit sampling with Brendan,Plate 14,System_coral,System_coral,
3/30/23,4,Seratopora gootightus,P4,In exhibit sampling with Brendan,Plate 14,System_coral,System_coral,
3/30/23,5,Porites cylindrica,P4,In exhibit sampling with Brendan,Plate 14,System_coral,System_coral,
3/30/23,6,Millepora alcicornis,P4,In exhibit sampling with Brendan,Plate 14,System_coral,System_coral,
3/30/23,7,Acropora torchulous,P4,In exhibit sampling with Brendan,Plate 14,System_coral,System_coral,
3/30/23,8,Montipora capricornis,P4,In exhibit sampling with Brendan,Plate 14,System_coral,System_coral,
3/30/23,9,Echinopora lamolosus,P4,In exhibit sampling with Brendan,Plate 14,System_coral,System_coral,
3/30/23,10,Turbenaria renophormus,P4,In exhibit sampling with Brendan,Plate 14,System_coral,System_coral,
3/30/23,11,Echiniophilia,P4,In exhibit sampling with Brendan,Plate 14,System_coral,System_coral,
3/30/23,12,Pavona decrocata,P4,In exhibit sampling with Brendan,Plate 14,System_coral,System_coral,
3/30/23,13,Pavona cactus,P4,In exhibit sampling with Brendan,Plate 14,System_coral,System_coral,
3/30/23,14,"Pocillopora damicornis ""green""",P4,In exhibit sampling with Brendan,Plate 14,System_coral,System_coral,
3/30/23,15,"Pocillopora damicornis ""brown""",P4,In exhibit sampling with Brendan,Plate 14,System_coral,System_coral,
3/30/23,16,Heliapora sarula,P4,In exhibit sampling with Brendan,Plate 14,System_coral,System_coral,
3/30/23,17,Galaxa vascularus,P4,In exhibit sampling with Brendan,Plate 14,System_coral,System_coral,
3/30/23,18,Meralina ampliata,P4,In exhibit sampling with Brendan,Plate 14,System_coral,System_coral,
3/30/23,19,Montipora persuita,P4,In exhibit sampling with Brendan,Plate 14,System_coral,System_coral,
3/30/23,20,Psamopora,P4,In exhibit sampling with Brendan,Plate 14,System_coral,System_coral,
3/30/23,21,Acropora seacale,P4,Pic 1,Plate 14,System_coral,System_coral,
3/30/23,22,Acrpora nanna,P4,Pic 2,Plate 14,System_coral,System_coral,
4/2/23,23,Montipora sp. 1,President's,Montipora sp. 1,Plate 14,System_coral,System_coral,
4/2/23,24,Porites sp.,President's,Porites sp.,Plate 14,System_coral,System_coral,
4/2/23,25,Pseurotepera 3,President's,Pseurotepera 3,Plate 14,System_coral,System_coral,
4/2/23,26,Acropora hummulis,President's,Acropora hummulis,Plate 14,System_coral,System_coral,
4/2/23,27,Acropora tortusa?,President's,Acropora tortusa?,Plate 14,System_coral,System_coral,
4/2/23,28,Tubastria something 'black',President's,Tubastria something 'black',Plate 14,System_coral,System_coral,
4/2/23,29,Turbinaria reniformis,President's,Turbinaria reniformis,Plate 14,System_coral,System_coral,
4/2/23,30,Pseroptera gutata,President's,Pseroptera gutata,Plate 14,System_coral,System_coral,
4/2/23,31,Merillina sp.,President's,Merillina sp.,Plate 14,System_coral,System_coral,
4/2/23,32,Acropora sp.,President's,Acropora sp.,Plate 14,System_coral,System_coral,
4/2/23,33,Acropora sp.,President's,Acropora sp.,Plate 14,System_coral,System_coral,
4/2/23,34,Acropora sp.,President's,Acropora sp.,Plate 14,System_coral,System_coral,
4/2/23,35,Acropora sp. ,President's,Acropora sp. ,Plate 14,System_coral,System_coral,
4/2/23,36,"Caulestra sp ""green one""",President's,"Caulestra sp ""green one""",Plate 14,System_coral,System_coral,
4/2/23,37,"Caulestra sp. ""regular""",President's,"Caulestra sp. ""regular""",Plate 14,System_coral,System_coral,
4/2/23,38,Montastrea cavernosa,President's,Montastrea cavernosa,Plate 14,System_coral,System_coral,
4/2/23,39,Acropora murcata,President's,Acropora murcata,Plate 14,System_coral,System_coral,
4/2/23,40,Acropora nana,President's,Acropora nana,Plate 14,System_coral,System_coral,
4/2/23,41,"Montipora sp. ""middle one""",President's,"Montipora sp. ""middle one""",Plate 14,System_coral,System_coral,
4/2/23,42,Echinopora lames?,President's,Echinopora lames?,Plate 14,System_coral,System_coral,
4/2/23,43,"Monipora ""superman"" morph",President's,,Plate 14,System_coral,System_coral,
4/2/23,44,Stephanocoenia intersepta,President's,,Plate 14,System_coral,System_coral,
4/2/23,45,Siderastrea siderea,President's,,Plate 14,System_coral,System_coral,
4/2/23,46,Seriatopora hystix,President's,,Plate 14,System_coral,System_coral,
4/2/23,47,Mystery coral 1,President's,,Plate 14,System_coral,System_coral,
4/2/23,48,Mystery nudi coral 2,President's,,Plate 14,System_coral,System_coral,
4/2/23,49,Platey mystery,President's,,Plate 14,System_coral,System_coral,
4/2/23,50,Acropora sp. ,President's,,Plate 14,System_coral,System_coral,
4/2/23,51,"Acropora youngii ""blue"" morph",President's,,Plate 14,System_coral,System_coral,
4/2/23,52,Leptoseris sp.,President's,,Plate 14,System_coral,System_coral,
4/2/23,53,Turbinaria peltata,President's,,Plate 14,System_coral,System_coral,
4/2/23,54,Pocillopora damicornis?,President's,,Plate 14,System_coral,System_coral,
4/2/23,55,Mystery coral 3,President's,,Plate 14,System_coral,System_coral,
4/2/23,56,Eunicia sp. Carribean,President's,,Plate 14,System_coral,System_coral,
4/2/23,57,Gorgonia ventalina,President's,,Plate 14,System_coral,System_coral,
4/2/23,58,Merisyopsis sp. ,President's,,Plate 14,System_coral,System_coral,
4/2/23,59,Pterogorgia,President's,,Plate 14,System_coral,System_coral,
4/2/23,60,Psedoplexora,President's,,Plate 14,System_coral,System_coral,
4/2/23,61,Fimbriaphyllia paradiso,P13,,Plate 14,System_coral,System_coral,
4/2/23,62,Duncanopsammia asphyxia,P13,,Plate 14,System_coral,System_coral,
4/2/23,63,Plerogyra sinuosa,P13,Bubble Coral,Plate 14,System_coral,System_coral,
4/2/23,64,"Xenia sp ""Jason's""",P13,,Plate 14,System_coral,System_coral,
4/2/23,65,Rumphella sp.,P13,,Plate 14,System_coral,System_coral,
4/2/23,66,Sinularia sp.,P13,,Plate 14,System_coral,System_coral,
4/2/23,67,Sarcophyton,P13,,Plate 14,System_coral,System_coral,
4/2/23,68,Faviites,P13,,Plate 14,System_coral,System_coral,
4/2/23,69,Enanaca quadricolor,P13,Anemone,Plate 14,System_coral,System_coral,
4/2/23,70,Porites cylindrica,P13,,Plate 14,System_coral,System_coral,
4/2/23,71,Homophilia,P13,,Plate 14,System_coral,System_coral,
4/2/23,72,Lobophilia,P13,,Plate 14,System_coral,System_coral,
4/2/23,73,Caulostria,P13,,Plate 14,System_coral,System_coral,
4/2/23,74,Fimbriaphyllia paradivisa?,P13,,Plate 14,System_coral,System_coral,
4/2/23,75,"Paiphora sp. ""don't breath""",P13,,Plate 14,System_coral,System_coral,
4/2/23,76,Turbenaria renophormus,NWH2_R5,,Plate 14,System_coral,System_coral,
4/2/23,77,Branchy,NWH2_R5,,Plate 14,System_coral,System_coral,
4/2/23,78,Single polyp Fungia-like,NWH2_R5,,Plate 14,System_coral,System_coral,
4/2/23,79,Pocillopora damicornis,NWH2_R5,,Plate 14,System_coral,System_coral,
4/2/23,80,Chunky orange,NWH2_R5,,Plate 14,System_coral,System_coral,
4/2/23,81,White fancy one,NWH2_R5,"maybe some CCA, edge sample",Plate 14,System_coral,System_coral,
4/2/23,82,Soft coral,NWH2_R5,,Plate 14,System_coral,System_coral,
4/2/23,83,Soft coral,NWH2_R5,,Plate 14,System_coral,System_coral,
4/2/23,84,Soft coral,NWH2_R5,,Plate 14,System_coral,System_coral,
4/2/23,85,Unidentified,NWH2_R6,,Plate 14,System_coral,System_coral,
4/2/23,86,F34 or F39,NWH2_R6,,Plate 14,System_coral,System_coral,
4/2/23,87,F28,NWH2_R6,,Plate 14,System_coral,System_coral,
4/2/23,88,F23,NWH2_R6,,Plate 14,System_coral,System_coral,
4/2/23,89,F37,NWH2_R6,,Plate 14,System_coral,System_coral,
4/2/23,90,F30,NWH2_R6,,Plate 14,System_coral,System_coral,
4/2/23,91,C1071,NWH2_R6,Sid,Plate 14,System_coral,System_coral,
4/2/23,92,F04,NWH2_R6,,Plate 14,System_coral,System_coral,
4/2/23,93,Soft coral,NWH2_R6,Soft,Plate 14,System_coral,System_coral,
4/2/23,94,Red coral,NWH2_R6,,Plate 14,System_coral,System_coral,
4/2/23,95,Green coral,NWH2_R6,,Plate 15,System_coral,System_coral,
4/2/23,96,Hard plate,NWH2_R1,,Plate 15,System_coral,System_coral,
4/2/23,97,Soft green polyps,NWH2_R2,,Plate 15,System_coral,System_coral,
4/2/23,98,Soft,NWH2_R2,,Plate 15,System_coral,System_coral,
4/2/23,99,Unidentified,NWH2_R3,,Plate 15,System_coral,System_coral,
4/2/23,100,Unidentified,NWH2_R3,,Plate 15,System_coral,System_coral,
4/2/23,101,Unidentified,NWH2_R3,,Plate 15,System_coral,System_coral,
4/2/23,102,Unidentified,NWH2_R4,,Plate 15,System_coral,System_coral,
4/2/23,103,Unidentified,NWH2_R4,,Plate 15,System_coral,System_coral,
4/2/23,104,Porites cylindrica green,NWH2_R4,,Plate 15,System_coral,System_coral,
4/2/23,105,Porites cylindrica red,NWH2_R4,,Plate 15,System_coral,System_coral,
4/2/23,106,Dark,NWH2_R4,,Plate 15,System_coral,System_coral,
4/2/23,107,Unidentified,NWH2_R4,,Plate 15,System_coral,System_coral,
4/2/23,108,Turbenaria renophormus,NWH2_R4,,Plate 15,System_coral,System_coral,
4/2/23,109,Unidentified,NWH2_R4,,Plate 15,System_coral,System_coral,
4/2/23,110,Platey mystery,NWH2_R4,,Plate 15,System_coral,System_coral,
4/2/23,111,Unidentified,NWH2_R4,,Plate 15,System_coral,System_coral,
4/2/23,112,Unidentified,NWH2_R4,,Plate 15,System_coral,System_coral,
4/2/23,113,Soft,NWH2_R2,,Plate 15,System_coral,System_coral,
4/2/23,114,Soft,NWH2_R2,,Plate 15,System_coral,System_coral,
4/2/23,115,Unidentified,NWH2_R2,,Plate 15,System_coral,System_coral,
4/2/23,116,Green hard,NWH2_R2,,Plate 15,System_coral,System_coral,
4/2/23,117,Red mushroom,NWH2_R2,,Plate 15,System_coral,System_coral,
4/5/23,118,21,NWH2_R2,Different day (real one listed),Plate 12,sample,24 Hours,
4/2/23,119,Unidentified,NWH2_R3,,Plate 15,System_coral,System_coral,
4/2/23,120,Unidentified,T4,,Plate 3,System_coral,System_coral,
4/3/23,121,27,T4,,Plate 3,sample,Day 0,
4/3/23,122,33,T4,,Plate 3,sample,Day 0,
4/3/23,123,44,T4,,Plate 3,sample,Day 0,
4/3/23,124,9,T4,,Plate 3,sample,Day 0,
4/3/23,125,29,T4,,Plate 3,sample,Day 0,
4/3/23,126,5,T4,,Plate 3,sample,Day 0,
4/3/23,127,39,T4,,Plate 3,sample,Day 0,
4/3/23,128,28,T4,,Plate 3,sample,Day 0,
4/3/23,129,34,T4,,Plate 3,sample,Day 0,
4/3/23,130,36,T8,,Plate 3,sample,Day 0,
4/3/23,131,48,T8,,Plate 3,sample,Day 0,
4/3/23,132,8,T8,crap,Plate 3,sample,Day 0,
4/3/23,133,19,T8,,Plate 3,sample,Day 0,
4/3/23,134,40,T8,,Plate 3,sample,Day 0,
4/3/23,135,23,T8,,Plate 3,sample,Day 0,
4/3/23,136,52,T8,,Plate 3,sample,Day 0,
4/3/23,137,50,T8,,Plate 3,sample,Day 0,
4/3/23,138,24,T8,,Plate 3,sample,Day 0,
4/3/23,139,14,T8,,Plate 3,sample,Day 0,
4/3/23,140,3,T8,,Plate 3,sample,Day 0,
4/3/23,141,25,T8,,Plate 3,sample,Day 0,
4/3/23,142,38,T8,,Plate 3,sample,Day 0,
4/3/23,143,28,T8,,Plate 3,sample,Day 0,
4/3/23,144,4,T8,,Plate 3,sample,Day 0,
4/3/23,145,16,T8,,Plate 3,sample,Day 0,
4/3/23,146,35,T1,,Plate 3,sample,Day 0,
4/3/23,147,6,T1,,Plate 3,sample,Day 0,
4/3/23,148,45,T1,,Plate 3,sample,Day 0,
4/3/23,149,21,T1,,Plate 3,sample,Day 0,
4/3/23,150,13,T1,,Plate 3,sample,Day 0,
4/3/23,151,32,T1,,Plate 3,sample,Day 0,
4/3/23,152,2,T1,,Plate 3,sample,Day 0,
4/3/23,153,12,T1,,Plate 3,sample,Day 0,
4/3/23,154,51,T1,,Plate 3,sample,Day 0,
4/3/23,155,1,T1,,Plate 3,sample,Day 0,
4/3/23,156,15,T1,,Plate 3,sample,Day 0,
4/3/23,157,30,T1,,Plate 3,sample,Day 0,
4/3/23,158,10,T2,,Plate 3,sample,Day 0,
4/3/23,159,17,T2,,Plate 3,sample,Day 0,
4/3/23,160,7,T2,,Plate 3,sample,Day 0,
4/3/23,161,54,T2,,Plate 3,sample,Day 0,
4/3/23,162,42,T2,,Plate 3,sample,Day 0,
4/3/23,163,37,T2,,Plate 3,sample,Day 0,
4/3/23,164,53,T2,,Plate 3,sample,Day 0,
4/3/23,165,22,T2,,Plate 3,sample,Day 0,
4/3/23,166,47,T2,,Plate 3,sample,Day 0,
4/3/23,167,106,T8,,Plate 3,sample,Day 0,
4/3/23,168,98,T8,,Plate 3,sample,Day 0,
4/3/23,169,82,T8,,Plate 3,sample,Day 0,
4/3/23,170,95,T8,,Plate 3,sample,Day 0,
4/3/23,171,58,T8,,Plate 3,sample,Day 0,
4/3/23,172,76,T8,"Some tissue death at base, cut and glue",Plate 3,sample,Day 0,
4/3/23,173,74,T8,,Plate 3,sample,Day 0,
4/3/23,174,92,T8,,Plate 3,sample,Day 0,
4/3/23,175,99,T8,,Plate 3,sample,Day 0,
4/3/23,176,81,T8,,Plate 3,sample,Day 0,
4/3/23,177,63,T8,,Plate 3,sample,Day 0,
4/3/23,178,103,T8,,Plate 3,sample,Day 0,
4/3/23,179,85,T8,,Plate 3,sample,Day 0,
4/3/23,180,67,T8,,Plate 3,sample,Day 0,
4/3/23,181,107,T8,,Plate 3,sample,Day 0,
4/3/23,182,62,T8,,Plate 3,sample,Day 0,
4/3/23,183,105,T1,,Plate 3,sample,Day 0,
4/3/23,184,84,T1,,Plate 3,sample,Day 0,
4/3/23,185,93,T1,,Plate 3,sample,Day 0,
4/3/23,186,100,T1,,Plate 3,sample,Day 0,
4/3/23,187,60,T1,,Plate 3,sample,Day 0,
4/3/23,188,65,T1,,Plate 3,sample,Day 0,
4/3/23,189,96,T1,,Plate 3,sample,Day 0,
4/3/23,190,73,T1,,Plate 3,sample,Day 0,
4/3/23,191,68,T1,,Plate 3,sample,Day 0,
4/3/23,192,80,T1,,Plate 3,sample,Day 0,
4/3/23,193,56,T2,,Plate 3,sample,Day 0,
4/3/23,194,97,T2,,Plate 3,sample,Day 0,
4/3/23,195,70,T2,,Plate 3,sample,Day 0,
4/3/23,196,71,T2,,Plate 3,sample,Day 0,
4/3/23,197,79,T2,,Plate 3,sample,Day 0,
4/3/23,198,78,T2,,Plate 3,sample,Day 0,
4/3/23,199,102,T2,,Plate 3,sample,Day 0,
4/3/23,200,77,T2,,Plate 3,sample,Day 0,
4/3/23,201,61,T2,,Plate 3,sample,Day 0,
4/3/23,202,101,T2,,Plate 3,sample,Day 0,
4/3/23,203,88,T2,,Plate 3,sample,Day 0,
4/3/23,204,109,T2,,Plate 3,sample,Day 0,
4/3/23,205,75,T2,,Plate 3,sample,Day 0,
4/3/23,206,104,T2,,Plate 3,sample,Day 0,
4/3/23,207,94,T2,,Plate 3,sample,Day 0,
4/3/23,208,72,T2,,Plate 3,sample,Day 0,
4/3/23,209,59,T2,,Plate 3,sample,Day 0,
4/3/23,210,64,T2,,Plate 3,sample,Day 0,
4/3/23,211,91,T2,,Plate 3,sample,Day 0,
4/3/23,212,87,T2,,Plate 3,sample,Day 0,
4/3/23,213,110,T2,,Plate 3,sample,Day 0,
4/3/23,214,89,T2,,Plate 3,sample,Day 0,
4/3/23,215,66,T2,,Plate 4,sample,Day 0,
4/3/23,216,86,T2,,Plate 4,sample,Day 0,
4/3/23,217,1271-6,T3,12:40pm,Plate 4,sample,Day 0,
4/3/23,218,872-1,T3,,Plate 4,sample,Day 0,
4/3/23,219,873-1,T3,,Plate 4,sample,Day 0,
4/3/23,220,871-7,T3,,Plate 4,sample,Day 0,
4/3/23,221,874-5,T3,,Plate 4,sample,Day 0,
4/3/23,222,874-6,T3,,Plate 4,sample,Day 0,
4/3/23,223,1271-1,T3,,Plate 4,sample,Day 0,
4/3/23,224,874-4,T3,,Plate 4,sample,Day 0,
4/3/23,225,871-11,T3,"broke small piece, reglued",Plate 4,sample,Day 0,
4/3/23,226,872-4,T3,,Plate 4,sample,Day 0,
4/3/23,227,,,crossed out,Plate 4,sample,Day 0,
4/3/23,228,871-9,T3,,Plate 4,sample,Day 0,
4/3/23,229,873-10,T3,,Plate 4,sample,Day 0,
4/3/23,230,872-10,T3,,Plate 4,sample,Day 0,
4/3/23,231,1271-4,T3,,Plate 4,sample,Day 0,
4/3/23,232,871-2,T3,,Plate 4,sample,Day 0,
4/3/23,233,1271-2,T3,,Plate 4,sample,Day 0,
4/3/23,234,873-6,T3,,Plate 4,sample,Day 0,
4/3/23,235,874-10,T3,,Plate 4,sample,Day 0,
4/3/23,236,871-10,T6,,Plate 4,sample,Day 0,
4/3/23,237,1271-8,T6,,Plate 4,sample,Day 0,
4/3/23,238,873-8,T6,,Plate 4,sample,Day 0,
4/3/23,239,873-11,T6,,Plate 4,sample,Day 0,
4/3/23,240,874-11,T6,,Plate 4,sample,Day 0,
4/3/23,241,874-3,T6,,Plate 4,sample,Day 0,
4/3/23,242,871-4,T6,,Plate 4,sample,Day 0,
4/3/23,243,872-9,T6,,Plate 4,sample,Day 0,
4/3/23,244,871-8,T6,,Plate 4,sample,Day 0,
4/3/23,245,1271-7,T6,,Plate 4,sample,Day 0,
4/3/23,246,872-11,T6,,Plate 4,sample,Day 0,
4/3/23,247,873-7,T6,,Plate 4,sample,Day 0,
4/3/23,248,872-7,T6,,Plate 4,sample,Day 0,
4/3/23,249,1271-11,T6,,Plate 4,sample,Day 0,
4/3/23,250,873-9,T6,,Plate 4,sample,Day 0,
4/3/23,251,874-7,T6,,Plate 4,sample,Day 0,
4/3/23,252,1283-5,T3,,Plate 4,sample,Day 0,
4/3/23,253,1793-1,T3,,Plate 4,sample,Day 0,
4/3/23,254,1273-9,T3,,Plate 4,sample,Day 0,
4/3/23,255,1291-4,T3,,Plate 4,sample,Day 0,
4/3/23,256,1283-10,T3,,Plate 4,sample,Day 0,
4/3/23,257,1283-2,T3,,Plate 4,sample,Day 0,
4/3/23,258,1283-3,T3,,Plate 4,sample,Day 0,
4/3/23,259,1273-3,T3,,Plate 4,sample,Day 0,
4/3/23,260,1291-3,T3,,Plate 4,sample,Day 0,
4/3/23,261,1273-7,T3,,Plate 4,sample,Day 0,
4/3/23,262,1281-11,T3,,Plate 4,sample,Day 0,
4/3/23,263,1281-3,T3,,Plate 4,sample,Day 0,
4/3/23,264,1293-9,T3,,Plate 4,sample,Day 0,
4/3/23,265,1291-2,T3,,Plate 4,sample,Day 0,
4/3/23,266,1281-4,T3,,Plate 4,sample,Day 0,
4/3/23,267,,,crossed out,Plate 4,sample,Day 0,
4/3/23,268,1293-2,T3,,Plate 4,sample,Day 0,
4/3/23,269,1283-11,T6,,Plate 4,sample,Day 0,
4/3/23,270,1281-7,T6,,Plate 4,sample,Day 0,
4/3/23,271,1291-8,T6,,Plate 4,sample,Day 0,
4/3/23,272,1291-1,T6,,Plate 4,sample,Day 0,
4/3/23,273,1283-7,T6,,Plate 4,sample,Day 0,
4/3/23,274,183-4,T6,,Plate 4,sample,Day 0,
4/3/23,275,1293-11,T6,,Plate 4,sample,Day 0,
4/3/23,276,1281-10,T6,,Plate 4,sample,Day 0,
4/3/23,277,1283-6,T6,,Plate 4,sample,Day 0,
4/3/23,278,1293-5,T6,,Plate 4,sample,Day 0,
4/3/23,279,1281-6,T6,,Plate 4,sample,Day 0,
4/3/23,280,1281-8,T6,,Plate 4,sample,Day 0,
4/3/23,281,1291-10,T6,potential blemish,Plate 4,sample,Day 0,
4/3/23,282,1283-9,T6,,Plate 4,sample,Day 0,
4/3/23,283,1291-11,T6,,Plate 4,sample,Day 0,
4/3/23,284,1281-1,T6,,Plate 4,sample,Day 0,
4/3/23,285,1281-2,T6,,Plate 4,sample,Day 0,
4/3/23,286,1293-4,T6,,,sample,Day 0,
4/3/23,287,1293-8,T6,,,sample,Day 0,
4/3/23,288,1273-2,T6,,,sample,Day 0,
4/3/23,289,1293-6,T6,,,sample,Day 0,
4/3/23,290,1283-8,T6,,,sample,Day 0,
4/3/23,291,1273-5,T6,,,sample,Day 0,
4/3/23,292,1273-11,T6,,,sample,Day 0,
4/3/23,293,1291-6,T6,Fragged into 2 pieces 1291-6b,,sample,Day 0,
4/3/23,294,1273-4,T7,,,sample,Day 0,
4/3/23,295,1273-10,T7,,,sample,Day 0,
4/3/23,296,1281-9,T7,,,sample,Day 0,
4/3/23,297,1291-9,T7,,,sample,Day 0,
4/3/23,298,1273-6,T7,,,sample,Day 0,
4/3/23,299,1293-7,T7,,,sample,Day 0,
4/3/23,300,1291-7,T7,,,sample,Day 0,
4/3/23,301,1273-8,T7,,,sample,Day 0,
4/3/23,302,1293-3,T7,,,sample,Day 0,
4/3/23,303,872-5,T7,,,sample,Day 0,
4/3/23,304,873-5,T7,,,sample,Day 0,
4/3/23,305,1271-3,T7,,,sample,Day 0,
4/3/23,306,871-1,T7,,,sample,Day 0,
4/3/23,307,871-5,T7,,,sample,Day 0,
4/3/23,308,873-2,T7,,,sample,Day 0,
4/3/23,309,872-3,T7,,,sample,Day 0,
4/3/23,310,873-3,T7,,,sample,Day 0,
4/3/23,311,872-8,T7,,,sample,Day 0,
4/3/23,312,1271-5,T7,,,sample,Day 0,
4/3/23,313,874-1,T7,,Plate 15,sample,Day 0,
4/3/23,314,874-9,T7,,Plate 15,sample,Day 0,
4/3/23,315,1271-9,T7,,Plate 15,sample,Day 0,
4/3/23,316,872-2,T7,,Plate 15,sample,Day 0,
4/3/23,317,871-6,T7,,Plate 15,sample,Day 0,
4/3/23,318,874-8,T7,,Plate 15,sample,Day 0,
4/5/23,319,1273-5,President's,,Plate 12,sample,24 Hours,
4/5/23,320,1281-7,President's,,Plate 12,sample,24 Hours,
4/5/23,321,1291-2,President's,,Plate 12,sample,24 Hours,
4/5/23,322,1293-7,President's,,Plate 12,sample,24 Hours,
4/5/23,323,1283-3,President's,,Plate 12,sample,24 Hours,
4/5/23,324,872-8,President's,,Plate 12,sample,24 Hours,
4/5/23,325,1271-6,President's,,Plate 12,sample,24 Hours,
4/5/23,326,873.7,President's,,Plate 12,sample,24 Hours,
4/5/23,327,871-5,President's,,Plate 12,sample,24 Hours,
4/5/23,328,874-4,President's,,Plate 12,sample,24 Hours,
4/5/23,329,56,President's,sample redo,Plate 12,sample,24 Hours,
4/5/23,330,68,President's,,Plate 12,sample,24 Hours,
4/5/23,331,101,President's,,Plate 12,sample,24 Hours,
4/5/23,332,71,President's,,Plate 12,sample,24 Hours,
4/5/23,333,,,toss,Plate 12,sample,24 Hours,
4/5/23,334,91,President's,,Plate 12,sample,24 Hours,
4/5/23,335,37,President's,,Plate 12,sample,24 Hours,
4/5/23,336,9,President's,,Plate 12,sample,24 Hours,
4/5/23,337,27,President's,,Plate 12,sample,24 Hours,
4/5/23,338,50,President's,,Plate 12,sample,24 Hours,
4/5/23,339,874-11,P4,,Plate 12,sample,24 Hours,
4/5/23,340,871-9,P4,,Plate 12,sample,24 Hours,
4/5/23,341,873-5,P4,,Plate 12,sample,24 Hours,
4/5/23,342,1271-4,P4,,Plate 12,sample,24 Hours,
4/5/23,343,872-5,P4,,Plate 12,sample,24 Hours,
4/5/23,344,1283-7,P4,,Plate 12,sample,24 Hours,
4/5/23,345,1293-11,P4,,Plate 12,sample,24 Hours,
4/5/23,346,1291-9,P4,,Plate 12,sample,24 Hours,
4/5/23,347,1273-2,P4,,Plate 12,sample,24 Hours,
4/5/23,348,1281-6,P4,,Plate 12,sample,24 Hours,
4/5/23,349,61,P4,,Plate 12,sample,24 Hours,
4/5/23,350,74,P4,,Plate 12,sample,24 Hours,
4/5/23,351,80,P4,,Plate 12,sample,24 Hours,
4/5/23,352,103,P4,,Plate 12,sample,24 Hours,
4/5/23,353,98,P4,,Plate 12,sample,24 Hours,
4/5/23,354,35,P4,,Plate 12,sample,24 Hours,
4/5/23,355,4,P4,,Plate 12,sample,24 Hours,
4/5/23,356,19,P4,,Plate 12,sample,24 Hours,
4/5/23,357,23,P4,,Plate 12,sample,24 Hours,
4/5/23,358,47,P4,,Plate 12,sample,24 Hours,
4/5/23,359,874-9,P13,,Plate 12,sample,24 Hours,
4/5/23,360,871-2,P13,,Plate 12,sample,24 Hours,
4/5/23,361,873-8,P13,,Plate 12,sample,24 Hours,
4/5/23,362,1271-3,P13,,Plate 12,sample,24 Hours,
4/5/23,363,872-10,P13,,Plate 12,sample,24 Hours,
4/5/23,364,1283-10,P13,,Plate 12,sample,24 Hours,
4/5/23,365,1293-8,P13,,Plate 12,sample,24 Hours,
4/5/23,366,1291-10,P13,,Plate 12,sample,24 Hours,
4/5/23,367,1273-3,P13,,Plate 12,sample,24 Hours,
4/5/23,368,1281-2,P13,,Plate 12,sample,24 Hours,
4/5/23,369,60,P13,,Plate 12,sample,24 Hours,
4/5/23,370,76,P13,,Plate 12,sample,24 Hours,
4/5/23,371,85,P13,,Plate 12,sample,24 Hours,
4/5/23,372,109,P13,,Plate 12,sample,24 Hours,
4/5/23,373,98,P13,,Plate 12,sample,24 Hours,
4/5/23,374,36,P13,,Plate 12,sample,24 Hours,
4/5/23,375,6,P13,,Plate 12,sample,24 Hours,
4/5/23,376,13,P13,,Plate 12,sample,24 Hours,
4/5/23,377,33,P13,,Plate 12,sample,24 Hours,
4/5/23,378,51,P13,,Plate 12,sample,24 Hours,
4/5/23,379,847-7,NWQ2,,Plate 12,sample,24 Hours,
4/5/23,380,871-1,NWQ2,,Plate 12,sample,24 Hours,
4/5/23,381,873-1,NWQ2,,Plate 12,sample,24 Hours,
4/5/23,382,1271-9,NWQ2,,Plate 12,sample,24 Hours,
4/5/23,383,872-1,NWQ2,,Plate 12,sample,24 Hours,
4/5/23,384,1283-5,NWQ2,,Plate 12,sample,24 Hours,
4/5/23,385,1293-5,NWQ2,,Plate 12,sample,24 Hours,
4/5/23,386,1291-7,NWQ2,,Plate 12,sample,24 Hours,
4/5/23,387,1273-11,NWQ2,,Plate 12,sample,24 Hours,
4/5/23,388,1281-4,NWQ2,,Plate 12,sample,24 Hours,
4/5/23,389,64,NWQ2,,Plate 12,sample,24 Hours,
4/5/23,390,76,NWQ2,,Plate 12,sample,24 Hours,
4/5/23,391,84,NWQ2,,Plate 12,sample,24 Hours,
4/5/23,392,100,NWQ2,,Plate 12,sample,24 Hours,
4/5/23,393,96,NWQ2,,Plate 12,sample,24 Hours,
4/5/23,394,38,NWQ2,,Plate 12,sample,24 Hours,
4/5/23,395,3,NWQ2,,Plate 12,sample,24 Hours,
4/5/23,396,14,NWQ2,,Plate 12,sample,24 Hours,
4/5/23,397,28,NWQ2,,Plate 12,sample,24 Hours,
4/5/23,398,48,NWQ2,,Plate 12,sample,24 Hours,
4/5/23,399,874-6,NWQ4,1:15 water sample,Plate 12,sample,24 Hours,
4/5/23,400,871-7,NWQ4,,Plate 12,sample,24 Hours,
4/5/23,401,873-2,NWQ4,broken branch reglued,Plate 12,sample,24 Hours,
4/5/23,402,1271-7,NWQ4,,Plate 12,sample,24 Hours,
4/5/23,403,872-11,NWQ4,,Plate 12,sample,24 Hours,
4/5/23,404,1283-8,NWQ4,,Plate 12,sample,24 Hours,
4/5/23,405,1293-1,NWQ4,,Plate 13,sample,24 Hours,
4/5/23,406,1291-2,NWQ4,,Plate 13,sample,24 Hours,
4/5/23,407,1273-10,NWQ4,,Plate 13,sample,24 Hours,
4/5/23,408,1281-8,NWQ4,,Plate 13,sample,24 Hours,
4/5/23,409,59,NWQ4,,Plate 13,sample,24 Hours,
4/5/23,410,67,NWQ4,,Plate 13,sample,24 Hours,
4/5/23,411,87,NWQ4,,Plate 13,sample,24 Hours,
4/5/23,412,107,NWQ4,,Plate 13,sample,24 Hours,
4/5/23,436,92,NWQ4,,Plate 13,sample,24 Hours,
4/5/23,414,39,NWQ4,,Plate 13,sample,24 Hours,
4/5/23,415,1,NWQ4,,Plate 13,sample,24 Hours,
4/5/23,416,15,NWQ4,,Plate 13,sample,24 Hours,
4/5/23,417,24,NWQ4,,Plate 13,sample,24 Hours,
4/5/23,418,55,NWQ4,,Plate 13,sample,24 Hours,
4/5/23,419,874-8,HI_Control_1,,Plate 13,sample,24 Hours,
4/5/23,420,871-8,HI_Control_1,,Plate 13,sample,24 Hours,
4/5/23,421,873-9,HI_Control_1,,Plate 13,sample,24 Hours,
4/5/23,422,1271-11,HI_Control_1,,Plate 13,sample,24 Hours,
4/5/23,423,872-9,HI_Control_1,,Plate 13,sample,24 Hours,
4/5/23,424,1283-9,HI_Control_1,,Plate 13,sample,24 Hours,
4/5/23,425,1293-9,HI_Control_1,,Plate 13,sample,24 Hours,
4/5/23,426,1291-11,HI_Control_1,,Plate 13,sample,24 Hours,
4/5/23,427,1273-11,HI_Control_1,,Plate 13,sample,24 Hours,
4/5/23,428,1281-10,HI_Control_1,,Plate 13,sample,24 Hours,
4/5/23,429,874-10,HI_Control_2,,Plate 13,sample,24 Hours,
4/5/23,430,871-4,HI_Control_2,,Plate 13,sample,24 Hours,
4/5/23,431,873-3,HI_Control_2,,Plate 13,sample,24 Hours,
4/5/23,432,1271-5,HI_Control_2,,Plate 13,sample,24 Hours,
4/5/23,433,872-7,HI_Control_2,,Plate 13,sample,24 Hours,
4/5/23,434,1283-4,HI_Control_2,,Plate 13,sample,24 Hours,
4/5/23,435,1293-6,HI_Control_2,,Plate 13,sample,24 Hours,
4/5/23,436,1291-8,HI_Control_2,,Plate 13,sample,24 Hours,"NOTE: A = red, B = clear"
4/5/23,437,1273-7,HI_Control_2,,Plate 13,sample,24 Hours,
4/5/23,438,1281-3,HI_Control_2,,Plate 13,sample,24 Hours,
4/5/23,439,63,FL_Control_1,,Plate 13,sample,24 Hours,
4/5/23,440,73,FL_Control_1,,Plate 13,sample,24 Hours,
4/5/23,441,82,FL_Control_1,,Plate 13,sample,24 Hours,
4/5/23,442,102,FL_Control_1,,Plate 13,sample,24 Hours,
4/5/23,443,99,FL_Control_1,,Plate 13,sample,24 Hours,
4/5/23,444,44,FL_Control_1,,Plate 13,sample,24 Hours,
4/5/23,445,2,FL_Control_1,,Plate 13,sample,24 Hours,
4/5/23,446,16,FL_Control_1,,Plate 13,sample,24 Hours,
4/5/23,447,32,FL_Control_1,,Plate 13,sample,24 Hours,
4/5/23,448,52,FL_Control_1,,Plate 13,sample,24 Hours,
4/5/23,449,66,FL_Control_2,,Plate 13,sample,24 Hours,
4/5/23,450,71,FL_Control_2,,Plate 13,sample,24 Hours,
4/5/23,451,88,FL_Control_2,,Plate 13,sample,24 Hours,
4/5/23,452,104,FL_Control_2,,Plate 13,sample,24 Hours,
4/5/23,453,97,FL_Control_2,,Plate 13,sample,24 Hours,
4/5/23,454,42,FL_Control_2,,Plate 13,sample,24 Hours,
4/5/23,455,7,FL_Control_2,,Plate 13,sample,24 Hours,
4/5/23,456,17,FL_Control_2,,Plate 13,sample,24 Hours,
4/5/23,457,30,FL_Control_2,,Plate 13,sample,24 Hours,
4/5/23,458,65,Mixed_1,,Plate 13,sample,24 Hours,
4/5/23,459,72,Mixed_1,,Plate 13,sample,24 Hours,
4/5/23,460,79,Mixed_1,,Plate 13,sample,24 Hours,
4/5/23,461,106,Mixed_1,,Plate 13,sample,24 Hours,
4/5/23,462,93,Mixed_1,,Plate 13,sample,24 Hours,
4/5/23,463,34,Mixed_1,,Plate 13,sample,24 Hours,
4/5/23,464,10,Mixed_1,,Plate 13,sample,24 Hours,
4/5/23,465,22,Mixed_1,,Plate 13,sample,24 Hours,
4/5/23,466,29,Mixed_1,,Plate 13,sample,24 Hours,
4/5/23,467,45,Mixed_1,,Plate 13,sample,24 Hours,
4/5/23,468,874-5,Mixed_1,,Plate 13,sample,24 Hours,
4/5/23,469,871-10,Mixed_1,,Plate 13,sample,24 Hours,
4/5/23,470,873-10,Mixed_1,,Plate 13,sample,24 Hours,
4/5/23,471,1271-8,Mixed_1,,Plate 13,sample,24 Hours,
4/5/23,472,872-4,Mixed_1,,Plate 13,sample,24 Hours,
4/5/23,473,1283-2,Mixed_1,,Plate 13,sample,24 Hours,
4/5/23,474,1293-2,Mixed_1,,Plate 13,sample,24 Hours,
4/5/23,475,1291-4,Mixed_1,,Plate 13,sample,24 Hours,
4/5/23,476,1273-9,Mixed_1,,Plate 13,sample,24 Hours,
4/5/23,477,1281-9,Mixed_1,,Plate 13,sample,24 Hours,
4/5/23,478,62,Mixed_2,,Plate 13,sample,24 Hours,
4/5/23,479,75,Mixed_2,,Plate 13,sample,24 Hours,
4/5/23,480,65,Mixed_2,,Plate 13,sample,24 Hours,
4/5/23,481,105,Mixed_2,,Plate 13,sample,24 Hours,
4/5/23,482,95,Mixed_2,,Plate 13,sample,24 Hours,
4/5/23,483,43,Mixed_2,,Plate 13,sample,24 Hours,
4/5/23,484,5,Mixed_2,,Plate 13,sample,24 Hours,
4/5/23,485,12,Mixed_2,,Plate 13,sample,24 Hours,
4/5/23,486,25,Mixed_2,,Plate 13,sample,24 Hours,
4/5/23,487,54,Mixed_2,,Plate 13,sample,24 Hours,
4/5/23,488,874-3,Mixed_2,,Plate 13,sample,24 Hours,
4/5/23,489,871-6,Mixed_2,,Plate 13,sample,24 Hours,
4/5/23,490,873-11,Mixed_2,,Plate 13,sample,24 Hours,
4/5/23,491,1271-2,Mixed_2,,Plate 13,sample,24 Hours,
4/5/23,492,872-2,Mixed_2,,Plate 13,sample,24 Hours,
4/5/23,493,1283-11,Mixed_2,,Plate 13,sample,24 Hours,
4/5/23,494,1293-3,Mixed_2,,Plate 13,sample,24 Hours,
4/5/23,495,1291-1,Mixed_2,,Plate 13,sample,24 Hours,
4/5/23,496,1273-6,Mixed_2,,Plate 13,sample,24 Hours,
4/5/23,497,1281-1,Mixed_2,,Plate 13,sample,24 Hours,
4/5/23,498,58,Extra,,Plate 13,sample,24 Hours,
4/5/23,499,77,Extra,,Plate 15,sample,24 Hours,
4/5/23,500,86,Extra,,Plate 15,sample,24 Hours,
4/5/23,501,110,Extra,,Plate 15,sample,24 Hours,
4/5/23,502,94,Extra,,Plate 15,sample,24 Hours,
4/5/23,503,8,Extra,,Plate 15,sample,24 Hours,
4/7/23,504,874-8,Extra,used tube on later date,,sample,24 Hours,
4/5/23,505,18,Extra,,Plate 15,sample,24 Hours,
4/5/23,506,874-1,Extra,,Plate 15,sample,24 Hours,
4/5/23,507,871-11,Extra,,Plate 15,sample,24 Hours,
4/5/23,508,873-6,Extra,,Plate 15,sample,24 Hours,
4/5/23,509,1271-1,Extra,,Plate 15,sample,24 Hours,
4/5/23,510,872-3,Extra,,Plate 15,sample,24 Hours,
4/5/23,511,1283-6,Extra,,Plate 15,sample,24 Hours,
4/5/23,512,1293-4,Extra,,Plate 15,sample,24 Hours,
4/5/23,513,1273-8,Extra,,Plate 15,sample,24 Hours,
4/5/23,514,1281-11,Extra,,Plate 15,sample,24 Hours,
4/5/23,515,1291-6,Extra,,Plate 15,sample,24 Hours,
4/5/23,516,1291-6B,Extra,,Plate 15,sample,24 Hours,
4/5/23,517,40,Extra,,Plate 15,sample,24 Hours,
4/7/23,518,1273-5,President's,8:30am,Plate 1,sample,Day 3,
4/7/23,519,1281-7,President's,,Plate 1,sample,Day 3,
4/7/23,520,1291-2,President's,,Plate 1,sample,Day 3,
4/7/23,521,1293-7,President's,,Plate 1,sample,Day 3,
4/7/23,522,1283-3,President's,,Plate 1,sample,Day 3,
4/7/23,523,872-8,President's,,Plate 1,sample,Day 3,
4/7/23,524,1271-6,President's,,Plate 1,sample,Day 3,
4/7/23,525,873.7,President's,,Plate 1,sample,Day 3,
4/7/23,526,871-5,President's,,Plate 1,sample,Day 3,
4/7/23,527,874-4,President's,,Plate 1,sample,Day 3,
4/7/23,528,56,President's,,Plate 1,sample,Day 3,
4/7/23,529,68,President's,,Plate 1,sample,Day 3,
4/7/23,530,101,President's,,Plate 1,sample,Day 3,
4/7/23,531,81,President's,,Plate 1,sample,Day 3,
4/7/23,532,91,President's,,Plate 1,sample,Day 3,
4/7/23,533,37,President's,,Plate 1,sample,Day 3,
4/7/23,534,9,President's,,Plate 1,sample,Day 3,
4/7/23,535,21,President's,,Plate 1,sample,Day 3,
4/7/23,536,50,President's,,Plate 1,sample,Day 3,
4/7/23,537,874-11,P4,,Plate 1,sample,Day 3,
4/7/23,538,871-9,P4,,Plate 1,sample,Day 3,
4/7/23,539,872-5,P4,,Plate 1,sample,Day 3,
4/7/23,540,1271-4,P4,,Plate 1,sample,Day 3,
4/7/23,541,873-5,P4,,Plate 1,sample,Day 3,
4/7/23,542,1283-7,P4,,Plate 1,sample,Day 3,
4/7/23,543,1293-11,P4,,Plate 1,sample,Day 3,
4/7/23,544,1291-9,P4,,Plate 1,sample,Day 3,
4/7/23,545,1273-2,P4,,Plate 1,sample,Day 3,
4/7/23,546,1281-6,P4,,Plate 1,sample,Day 3,
4/7/23,547,61,P4,,Plate 1,sample,Day 3,
4/7/23,548,74,P4,,Plate 1,sample,Day 3,
4/7/23,549,80,P4,,Plate 1,sample,Day 3,
4/7/23,550,103,P4,,Plate 1,sample,Day 3,
4/7/23,551,98,P4,,Plate 1,sample,Day 3,
4/7/23,552,35,P4,,Plate 1,sample,Day 3,
4/7/23,553,4,P4,,Plate 1,sample,Day 3,
4/7/23,554,19,P4,,Plate 1,sample,Day 3,
4/7/23,555,47,P4,,Plate 1,sample,Day 3,
4/7/23,556,23,P4,,Plate 1,sample,Day 3,
4/7/23,557,874-9,P13,9:05am,Plate 1,sample,Day 3,
4/7/23,558,871-2,P13,,Plate 1,sample,Day 3,
4/7/23,559,873-8,P13,,Plate 1,sample,Day 3,
4/7/23,560,1271-3,P13,,Plate 1,sample,Day 3,
4/7/23,561,872-10,P13,,Plate 1,sample,Day 3,
4/7/23,562,1283-10,P13,,Plate 1,sample,Day 3,
4/7/23,563,1293-8,P13,,Plate 1,sample,Day 3,
4/7/23,564,1291-10,P13,,Plate 1,sample,Day 3,
4/7/23,565,1273-3,P13,,Plate 1,sample,Day 3,
4/7/23,566,1281-2,P13,,Plate 1,sample,Day 3,
4/7/23,567,60,P13,,Plate 1,sample,Day 3,
4/7/23,568,76,P13,,Plate 1,sample,Day 3,
4/7/23,569,85,P13,,Plate 1,sample,Day 3,
4/7/23,570,109,P13,,Plate 1,sample,Day 3,
4/7/23,571,98,P13,,Plate 1,sample,Day 3,
4/7/23,572,36,P13,,Plate 1,sample,Day 3,
4/7/23,573,6,P13,,Plate 1,sample,Day 3,
4/7/23,574,13,P13,,Plate 1,sample,Day 3,
4/7/23,575,33,P13,,Plate 1,sample,Day 3,
4/7/23,576,51,P13,,Plate 1,sample,Day 3,
4/7/23,577,874-7,NWQ2,,Plate 1,sample,Day 3,
4/7/23,578,871-1,NWQ2,,Plate 1,sample,Day 3,
4/7/23,579,873-1,NWQ2,,Plate 1,sample,Day 3,
4/7/23,580,1271-9,NWQ2,,Plate 1,sample,Day 3,
4/7/23,581,872-1,NWQ2,,Plate 1,sample,Day 3,
4/7/23,582,1283-5,NWQ2,,Plate 1,sample,Day 3,
4/7/23,583,1293-5,NWQ2,,Plate 1,sample,Day 3,
4/7/23,584,1291-7,NWQ2,,Plate 1,sample,Day 3,
4/7/23,585,1273-11,NWQ2,,Plate 1,sample,Day 3,
4/7/23,586,1281-4,NWQ2,,Plate 1,sample,Day 3,
4/7/23,587,64,NWQ2,,Plate 1,sample,Day 3,
4/7/23,588,70,NWQ2,,Plate 1,sample,Day 3,
4/7/23,589,84,NWQ2,,Plate 1,sample,Day 3,
4/7/23,590,100,NWQ2,,Plate 1,sample,Day 3,
4/7/23,591,96,NWQ2,,Plate 1,sample,Day 3,
4/7/23,592,38,NWQ2,,Plate 1,sample,Day 3,
4/7/23,593,3,NWQ2,,Plate 1,sample,Day 3,
4/7/23,594,14,NWQ2,,Plate 1,sample,Day 3,
4/7/23,595,28,NWQ2,,Plate 1,sample,Day 3,
4/7/23,596,48,NWQ2,,Plate 1,sample,Day 3,
4/7/23,597,874-6,NWQ4,,Plate 1,sample,Day 3,
4/7/23,598,871-7,NWQ4,,Plate 1,sample,Day 3,
4/7/23,599,873-2,NWQ4,,Plate 1,sample,Day 3,
4/7/23,600,1271-7,NWQ4,,Plate 1,sample,Day 3,
4/7/23,601,872-11,NWQ4,,Plate 1,sample,Day 3,
4/7/23,602,1283-8,NWQ4,,Plate 1,sample,Day 3,
4/7/23,603,1293-1,NWQ4,,Plate 1,sample,Day 3,
4/7/23,604,1291-2,NWQ4,,Plate 1,sample,Day 3,
4/7/23,605,1273-10,NWQ4,,Plate 1,sample,Day 3,
4/7/23,606,1281-8,NWQ4,,Plate 1,sample,Day 3,
4/7/23,607,59,NWQ4,,Plate 1,sample,Day 3,
4/7/23,608,67,NWQ4,,Plate 1,sample,Day 3,
4/7/23,609,87,NWQ4,,Plate 1,sample,Day 3,
4/7/23,610,107,NWQ4,,Plate 1,sample,Day 3,
4/7/23,611,92,NWQ4,,Plate 1,sample,Day 3,
4/7/23,612,39,NWQ4,,Plate 1,sample,Day 3,
4/7/23,613,1,NWQ4,,Plate 2,sample,Day 3,
4/7/23,614,15,NWQ4,,Plate 2,sample,Day 3,
4/7/23,615,24,NWQ4,,Plate 2,sample,Day 3,
4/7/23,616,,,,Plate 2,sample,Day 3,
4/7/23,617,55,HI_Control_1,12:40pm,Plate 2,sample,Day 3,
4/7/23,618,871-8,HI_Control_1,,Plate 2,sample,Day 3,
4/7/23,619,873-9,HI_Control_1,,Plate 2,sample,Day 3,
4/7/23,620,1271-11,HI_Control_1,,Plate 2,sample,Day 3,
4/7/23,621,872-9,HI_Control_1,,Plate 2,sample,Day 3,
4/7/23,622,1283-9,HI_Control_1,,Plate 2,sample,Day 3,
4/7/23,623,1293-9,HI_Control_1,,Plate 2,sample,Day 3,
4/7/23,624,1291-11,HI_Control_1,,Plate 2,sample,Day 3,
4/7/23,625,1273-11,HI_Control_1,,Plate 2,sample,Day 3,
4/7/23,626,1281-10,HI_Control_1,,Plate 2,sample,Day 3,
4/7/23,627,874-10,HI_Control_2,,Plate 2,sample,Day 3,
4/7/23,628,871-4,HI_Control_2,,Plate 2,sample,Day 3,
4/7/23,629,873-3,HI_Control_2,,Plate 2,sample,Day 3,
4/7/23,630,1271-5,HI_Control_2,,Plate 2,sample,Day 3,
4/7/23,631,872-7,HI_Control_2,,Plate 2,sample,Day 3,
4/7/23,632,1283-4,HI_Control_2,,Plate 2,sample,Day 3,
4/7/23,633,1293-6,HI_Control_2,,Plate 2,sample,Day 3,
4/7/23,634,1291-8,HI_Control_2,,Plate 2,sample,Day 3,
4/7/23,635,1273-7,HI_Control_2,,Plate 2,sample,Day 3,
4/7/23,636,1281-3,HI_Control_2,,Plate 2,sample,Day 3,
4/7/23,637,63,FL_Control_1,,Plate 2,sample,Day 3,
4/7/23,638,73,FL_Control_1,,Plate 2,sample,Day 3,
4/7/23,639,82,FL_Control_1,,Plate 2,sample,Day 3,
4/7/23,640,102,FL_Control_1,,Plate 2,sample,Day 3,
4/7/23,641,94,FL_Control_1,,Plate 2,sample,Day 3,
4/7/23,642,44,FL_Control_1,,Plate 2,sample,Day 3,
4/7/23,643,2,FL_Control_1,,Plate 2,sample,Day 3,
4/7/23,644,16,FL_Control_1,,Plate 2,sample,Day 3,
4/7/23,645,32,FL_Control_1,,Plate 2,sample,Day 3,
4/7/23,646,52,FL_Control_1,,Plate 2,sample,Day 3,
4/7/23,647,66,FL_Control_2,,Plate 2,sample,Day 3,
4/7/23,648,71,FL_Control_2,,Plate 2,sample,Day 3,
4/7/23,649,88,FL_Control_2,,Plate 2,sample,Day 3,
4/7/23,650,104,FL_Control_2,,Plate 2,sample,Day 3,
4/7/23,651,97,FL_Control_2,,Plate 2,sample,Day 3,
4/7/23,652,42,FL_Control_2,,Plate 2,sample,Day 3,
4/7/23,653,7,FL_Control_2,,Plate 2,sample,Day 3,
4/7/23,654,17,FL_Control_2,,Plate 2,sample,Day 3,
4/7/23,655,30,FL_Control_2,,Plate 2,sample,Day 3,
4/7/23,656,65,Mixed_1,,Plate 2,sample,Day 3,
4/7/23,657,72,Mixed_1,,Plate 2,sample,Day 3,
4/7/23,658,79,Mixed_1,,Plate 2,sample,Day 3,
4/7/23,659,106,Mixed_1,,Plate 2,sample,Day 3,
4/7/23,660,93,Mixed_1,,Plate 2,sample,Day 3,
4/7/23,661,34,Mixed_1,,Plate 2,sample,Day 3,
4/7/23,662,10,Mixed_1,,Plate 2,sample,Day 3,
4/7/23,663,22,Mixed_1,,Plate 2,sample,Day 3,
4/7/23,664,29,Mixed_1,,Plate 2,sample,Day 3,
4/7/23,665,45,Mixed_1,,Plate 2,sample,Day 3,
4/7/23,666,874-5,Mixed_1,,Plate 2,sample,Day 3,
4/7/23,667,871-10,Mixed_1,,Plate 2,sample,Day 3,
4/7/23,668,873-10,Mixed_1,,Plate 2,sample,Day 3,
4/7/23,669,1271-8,Mixed_1,,Plate 2,sample,Day 3,
4/7/23,670,872-4,Mixed_1,,Plate 2,sample,Day 3,
4/7/23,671,1283-2,Mixed_1,,Plate 2,sample,Day 3,
4/7/23,672,1293-2,Mixed_1,,Plate 2,sample,Day 3,
4/7/23,673,1291-4,Mixed_1,,Plate 2,sample,Day 3,
4/7/23,674,1273-9,Mixed_1,,Plate 2,sample,Day 3,
4/7/23,675,1281-9,Mixed_1,,Plate 2,sample,Day 3,
4/7/23,676,62,Mixed_2,,Plate 2,sample,Day 3,
4/7/23,677,75,Mixed_2,,Plate 2,sample,Day 3,
4/7/23,678,78,Mixed_2,,Plate 2,sample,Day 3,
4/7/23,679,105,Mixed_2,,Plate 2,sample,Day 3,
4/7/23,680,95,Mixed_2,,Plate 2,sample,Day 3,
4/7/23,681,43,Mixed_2,,Plate 2,sample,Day 3,
4/7/23,682,5,Mixed_2,,Plate 2,sample,Day 3,
4/7/23,683,12,Mixed_2,,Plate 2,sample,Day 3,
4/7/23,684,25,Mixed_2,,Plate 2,sample,Day 3,
4/7/23,685,54,Mixed_2,,Plate 2,sample,Day 3,
4/7/23,686,874-3,Mixed_2,,Plate 2,sample,Day 3,
4/7/23,687,871-6,Mixed_2,,Plate 2,sample,Day 3,
4/7/23,688,873-11,Mixed_2,,Plate 2,sample,Day 3,
4/7/23,689,1271-2,Mixed_2,,Plate 2,sample,Day 3,
4/7/23,690,872-2,Mixed_2,,Plate 2,sample,Day 3,
4/7/23,691,1283-11,Mixed_2,,Plate 2,sample,Day 3,
4/7/23,692,1293-3,Mixed_2,,Plate 2,sample,Day 3,
4/7/23,693,1291-1,Mixed_2,,Plate 2,sample,Day 3,
4/7/23,694,1273-6,Mixed_2,,Plate 2,sample,Day 3,
4/7/23,695,1281-1,Mixed_2,,Plate 2,sample,Day 3,
4/7/23,696,58,Extra,,Plate 2,sample,Day 3,
4/7/23,697,77,Extra,,Plate 2,sample,Day 3,
4/7/23,698,86,Extra,,Plate 2,sample,Day 3,
4/7/23,699,110,Extra,,Plate 2,sample,Day 3,
4/7/23,700,99,Extra,,Plate 2,sample,Day 3,
4/7/23,701,8,Extra,,Plate 2,sample,Day 3,
4/7/23,702,40,Extra,,Plate 2,sample,Day 3,
4/7/23,703,18,Extra,,Plate 2,sample,Day 3,
4/7/23,704,874-1,Extra,,Plate 2,sample,Day 3,
4/7/23,705,871-11,Extra,,Plate 2,sample,Day 3,
4/7/23,706,873-6,Extra,T3,Plate 2,sample,Day 3,
4/7/23,707,1271-1,Extra,T3,Plate 2,sample,Day 3,
4/7/23,708,872-3,Extra,T3,Plate 2,sample,Day 3,
4/7/23,709,1283-6,Extra,,Plate 15,sample,Day 3,
4/7/23,710,1293-4,Extra,,Plate 15,sample,Day 3,
4/7/23,711,1273-8,Extra,,Plate 15,sample,Day 3,
4/7/23,712,1281-11,Extra,,Plate 15,sample,Day 3,
4/7/23,713,1291-6,Extra,,Plate 15,sample,Day 3,
4/7/23,714,1291-6B,Extra,,Plate 15,sample,Day 3,
4/11/23,715,1281-7,President's,,Plate 5B,sample,Day 7,
4/11/23,716,1291-3,President's,,Plate 5B,sample,Day 7,
4/11/23,717,1293-7,President's,,Plate 5B,sample,Day 7,
4/11/23,718,1283-3,President's,,Plate 5B,sample,Day 7,
4/11/23,719,872-8,President's,,Plate 5B,sample,Day 7,
4/11/23,720,1271-6,President's,,Plate 5B,sample,Day 7,
4/11/23,721,873.7,President's,,Plate 5B,sample,Day 7,
4/11/23,722,871-5,President's,,Plate 5B,sample,Day 7,
4/11/23,723,874-4,President's,,Plate 5B,sample,Day 7,
4/11/23,724,56,President's,,Plate 5B,sample,Day 7,
4/11/23,725,68,President's,,Plate 5B,sample,Day 7,
4/11/23,726,101,President's,,Plate 5B,sample,Day 7,
4/11/23,727,91,President's,,Plate 5B,sample,Day 7,
4/11/23,728,81,President's,,Plate 5B,sample,Day 7,
4/11/23,729,37,President's,,Plate 5B,sample,Day 7,
4/11/23,730,9,President's,,Plate 5B,sample,Day 7,
4/11/23,731,21,President's,,Plate 5B,sample,Day 7,
4/11/23,732,50,President's,,Plate 5B,sample,Day 7,
4/11/23,733,874-9,P13,10am,Plate 5B,sample,Day 7,
4/11/23,734,871-2,P13,,Plate 5B,sample,Day 7,
4/11/23,735,873-8,P13,,Plate 5B,sample,Day 7,
4/11/23,736,1271-3,P13,,Plate 5B,sample,Day 7,
4/11/23,737,872-10,P13,,Plate 5B,sample,Day 7,
4/11/23,738,1283-10,P13,,Plate 5B,sample,Day 7,
4/11/23,739,1293-8,P13,,Plate 5B,sample,Day 7,
4/11/23,740,1291-10,P13,,Plate 5B,sample,Day 7,
4/11/23,741,1273-3,P13,,Plate 5B,sample,Day 7,
4/11/23,742,1281-2,P13,,Plate 5B,sample,Day 7,
4/11/23,743,60,P13,,Plate 5B,sample,Day 7,
4/11/23,744,76,P13,,Plate 5B,sample,Day 7,
4/11/23,745,85,P13,,Plate 5B,sample,Day 7,
4/11/23,746,89,P13,,Plate 5B,sample,Day 7,
4/11/23,747,109,P13,,Plate 5B,sample,Day 7,
4/11/23,748,36,P13,,Plate 5B,sample,Day 7,
4/11/23,749,6,P13,,Plate 5B,sample,Day 7,
4/11/23,750,13,P13,,Plate 5B,sample,Day 7,
4/11/23,751,33,P13,,Plate 5B,sample,Day 7,
4/11/23,752,51,P13,,Plate 5B,sample,Day 7,
4/11/23,753,874-11,P4,,Plate 5B,sample,Day 7,
4/11/23,754,871-9,P4,,Plate 5B,sample,Day 7,
4/11/23,755,873-5,P4,,Plate 5B,sample,Day 7,
4/11/23,756,1271-4,P4,,Plate 5B,sample,Day 7,
4/11/23,A,1273-5,President's,,Plate 5B,sample,Day 7,
4/11/23,B,27,President's,,Plate 5B,sample,Day 7,
4/11/23,757,872-5,P4,,Plate 5B,sample,Day 7,
4/11/23,758,1283-7,P4,,Plate 5B,sample,Day 7,
4/11/23,759,1293-11,P4,,Plate 5B,sample,Day 7,
4/11/23,760,1291-9,P4,,Plate 5B,sample,Day 7,
4/11/23,761,1273-2,P4,,Plate 5B,sample,Day 7,
4/11/23,762,1281-6,P4,,Plate 5B,sample,Day 7,
4/11/23,763,61,P4,some tissue loss,Plate 5B,sample,Day 7,
4/11/23,764,74,P4,some tissue loss,Plate 5B,sample,Day 7,
4/11/23,765,80,P4,,Plate 5B,sample,Day 7,
4/11/23,766,103,P4,,Plate 5B,sample,Day 7,
4/11/23,767,98,P4,,Plate 5B,sample,Day 7,
4/11/23,768,35,P4,,Plate 5B,sample,Day 7,
4/11/23,769,4,P4,,Plate 5B,sample,Day 7,
4/11/23,770,19,P4,,Plate 5B,sample,Day 7,
4/11/23,771,23,P4,,Plate 5B,sample,Day 7,
4/11/23,772,47,P4,,Plate 5B,sample,Day 7,
4/11/23,773,874-7,NWQ2,11am,Plate 5B,sample,Day 7,
4/11/23,774,871-1,NWQ2,,Plate 5B,sample,Day 7,
4/11/23,775,873-1,NWQ2,,Plate 5B,sample,Day 7,
4/11/23,776,1271-9,NWQ2,,Plate 5B,sample,Day 7,
4/11/23,777,872-1,NWQ2,,Plate 5B,sample,Day 7,
4/11/23,778,1283-5,NWQ2,,Plate 5B,sample,Day 7,
4/11/23,779,1293-5,NWQ2,,Plate 5B,sample,Day 7,
4/11/23,780,1291-7,NWQ2,,Plate 5B,sample,Day 7,
4/11/23,781,1273-11,NWQ2,,Plate 5B,sample,Day 7,
4/11/23,782,1281-4,NWQ2,,Plate 5B,sample,Day 7,
4/11/23,783,64,NWQ2,,Plate 5B,sample,Day 7,
4/11/23,784,70,NWQ2,,Plate 5B,sample,Day 7,
4/11/23,785,84,NWQ2,,Plate 5B,sample,Day 7,
4/11/23,786,100,NWQ2,,Plate 5B,sample,Day 7,
4/11/23,787,96,NWQ2,,Plate 5B,sample,Day 7,
4/11/23,788,38,NWQ2,,Plate 5B,sample,Day 7,
4/11/23,789,3,NWQ2,,Plate 5B,sample,Day 7,
4/11/23,790,14,NWQ2,,Plate 5B,sample,Day 7,
4/11/23,791,28,NWQ2,,Plate 5B,sample,Day 7,
4/11/23,792,48,NWQ2,,Plate 5B,sample,Day 7,
4/11/23,793,874-6,NWQ4,,Plate 5B,sample,Day 7,
4/11/23,794,871-7,NWQ4,,Plate 5B,sample,Day 7,
4/11/23,795,873-2,NWQ4,,Plate 5B,sample,Day 7,
4/11/23,796,1271-7,NWQ4,,Plate 5B,sample,Day 7,
4/11/23,797,872-11,NWQ4,,Plate 5B,sample,Day 7,
4/11/23,798,1283-8,NWQ4,,Plate 6B,sample,Day 7,
4/11/23,799,1293-1,NWQ4,,Plate 6B,sample,Day 7,
4/11/23,800,1291-2,NWQ4,,Plate 6B,sample,Day 7,
4/11/23,801,1273-10,NWQ4,,Plate 6B,sample,Day 7,
4/11/23,802,1281-8,NWQ4,,Plate 6B,sample,Day 7,
4/11/23,803,59,NWQ4,,Plate 6B,sample,Day 7,
4/11/23,804,67,NWQ4,,Plate 6B,sample,Day 7,
4/11/23,805,87,NWQ4,,Plate 6B,sample,Day 7,
4/11/23,806,107,NWQ4,,Plate 6B,sample,Day 7,
4/11/23,807,92,NWQ4,,Plate 6B,sample,Day 7,
4/11/23,808,39,NWQ4,,Plate 6B,sample,Day 7,
4/11/23,809,1,NWQ4,,Plate 6B,sample,Day 7,
4/11/23,810,15,NWQ4,,Plate 6B,sample,Day 7,
4/11/23,811,24,NWQ4,,Plate 6B,sample,Day 7,
4/11/23,812,55,NWQ4,,Plate 6B,sample,Day 7,
4/11/23,813,874-8,HI_Control_1,,Plate 6B,sample,Day 7,
4/11/23,814,871-8,HI_Control_1,,Plate 6B,sample,Day 7,
4/11/23,815,873-9,HI_Control_1,,Plate 6B,sample,Day 7,
4/11/23,816,1271-11,HI_Control_1,,Plate 6B,sample,Day 7,
4/11/23,817,872-9,HI_Control_1,,Plate 6B,sample,Day 7,
4/11/23,818,1283-9,HI_Control_1,,Plate 6B,sample,Day 7,
4/11/23,819,1293-9,HI_Control_1,,Plate 6B,sample,Day 7,
4/11/23,820,1291-11,HI_Control_1,,Plate 6B,sample,Day 7,
4/11/23,821,1273-11,HI_Control_1,,Plate 6B,sample,Day 7,
4/11/23,822,1281-10,HI_Control_1,,Plate 6B,sample,Day 7,
4/11/23,823,874-10,HI_Control_2,,Plate 6B,sample,Day 7,
4/11/23,824,871-4,HI_Control_2,,Plate 6B,sample,Day 7,
4/11/23,825,873-3,HI_Control_2,,Plate 6B,sample,Day 7,
4/11/23,826,1271-5,HI_Control_2,,Plate 6B,sample,Day 7,
4/11/23,827,872-7,HI_Control_2,,Plate 6B,sample,Day 7,
4/11/23,828,1283-4,HI_Control_2,,Plate 6B,sample,Day 7,
4/11/23,829,1283-6,Extra,T7,Plate 6B,sample,Day 7,
4/11/23,830,1291-8,HI_Control_2,,Plate 6B,sample,Day 7,
4/11/23,831,1273-7,HI_Control_2,,Plate 6B,sample,Day 7,
4/11/23,832,1281-3,HI_Control_2,,Plate 6B,sample,Day 7,
4/11/23,833,65,Mixed_1,,Plate 6B,sample,Day 7,
4/11/23,834,72,Mixed_1,,Plate 6B,sample,Day 7,
4/11/23,835,79,Mixed_1,,Plate 6B,sample,Day 7,
4/11/23,836,106,Mixed_1,,Plate 6B,sample,Day 7,
4/11/23,837,93,Mixed_1,,Plate 6B,sample,Day 7,
4/11/23,838,34,Mixed_1,,Plate 6B,sample,Day 7,
4/11/23,839,10,Mixed_1,swollen,Plate 6B,sample,Day 7,
4/11/23,840,22,Mixed_1,,Plate 6B,sample,Day 7,
4/11/23,841,29,Mixed_1,little bit of tissue loss,Plate 6B,sample,Day 7,
4/11/23,842,45,Mixed_1,,Plate 6B,sample,Day 7,
4/11/23,843,874-5,Mixed_1,,Plate 6B,sample,Day 7,
4/11/23,844,871-10,Mixed_1,,Plate 6B,sample,Day 7,
4/11/23,845,873-10,Mixed_1,,Plate 6B,sample,Day 7,
4/11/23,846,1271-8,Mixed_1,,Plate 6B,sample,Day 7,
4/11/23,847,872-4,Mixed_1,,Plate 6B,sample,Day 7,
4/11/23,848,1283-2,Mixed_1,,Plate 6B,sample,Day 7,
4/11/23,849,1293-2,Mixed_1,,Plate 6B,sample,Day 7,
4/11/23,850,1291-4,Mixed_1,,Plate 6B,sample,Day 7,
4/11/23,851,1273-9,Mixed_1,,Plate 6B,sample,Day 7,
4/11/23,852,1281-9,Mixed_1,,Plate 6B,sample,Day 7,
4/11/23,853,62,Mixed_2,,Plate 6B,sample,Day 7,
4/11/23,854,75,Mixed_2,,Plate 6B,sample,Day 7,
4/11/23,855,78,Mixed_2,,Plate 6B,sample,Day 7,
4/11/23,856,105,Mixed_2,,Plate 6B,sample,Day 7,
4/11/23,857,95,Mixed_2,,Plate 6B,sample,Day 7,
4/11/23,858,43,Mixed_2,,Plate 6B,sample,Day 7,
4/11/23,859,5,Mixed_2,little tissue damage,Plate 6B,sample,Day 7,
4/11/23,860,12,Mixed_2,,Plate 6B,sample,Day 7,
4/11/23,861,25,Mixed_2,,Plate 6B,sample,Day 7,
4/11/23,862,54,Mixed_2,,Plate 6B,sample,Day 7,
4/11/23,863,874-3,Mixed_2,,Plate 6B,sample,Day 7,
4/11/23,864,871-6,Mixed_2,,Plate 6B,sample,Day 7,
4/11/23,865,873-11,Mixed_2,,Plate 6B,sample,Day 7,
4/11/23,866,1271-2,Mixed_2,,Plate 6B,sample,Day 7,
4/11/23,867,872-2,Mixed_2,,Plate 6B,sample,Day 7,
4/11/23,868,1283-11,Mixed_2,,Plate 6B,sample,Day 7,
4/11/23,869,1293-3,Mixed_2,,Plate 6B,sample,Day 7,
4/11/23,870,1291-1,Mixed_2,,Plate 6B,sample,Day 7,
4/11/23,871,1273-6,Mixed_2,,Plate 6B,sample,Day 7,
4/11/23,872,1281-1,Mixed_2,,Plate 6B,sample,Day 7,
4/11/23,873,63,FL_Control_1,,Plate 6B,sample,Day 7,
4/11/23,874,73,FL_Control_1,,Plate 6B,sample,Day 7,
4/11/23,875,82,FL_Control_1,,Plate 6B,sample,Day 7,
4/11/23,876,102,FL_Control_1,,Plate 6B,sample,Day 7,
4/11/23,877,94,FL_Control_1,,Plate 6B,sample,Day 7,
4/11/23,878,44,FL_Control_1,,Plate 6B,sample,Day 7,
4/11/23,879,2,FL_Control_1,,Plate 6B,sample,Day 7,
4/11/23,880,16,FL_Control_1,,Plate 6B,sample,Day 7,
4/11/23,881,32,FL_Control_1,,Plate 6B,sample,Day 7,
4/11/23,882,52,FL_Control_1,,Plate 6B,sample,Day 7,
4/11/23,883,66,FL_Control_2,,Plate 6B,sample,Day 7,
4/11/23,884,71,FL_Control_2,,Plate 6B,sample,Day 7,
4/11/23,885,88,FL_Control_2,,Plate 6B,sample,Day 7,
4/11/23,886,104,FL_Control_2,,Plate 6B,sample,Day 7,
4/11/23,887,97,FL_Control_2,,Plate 9,sample,Day 7,
4/11/23,888,42,FL_Control_2,little tissue loss around sample area,Plate 9,sample,Day 7,
4/11/23,889,7,FL_Control_2,some polyps are a little swollen,Plate 9,sample,Day 7,
4/11/23,890,17,FL_Control_2,,Plate 9,sample,Day 7,
4/11/23,891,30,FL_Control_2,,Plate 9,sample,Day 7,
4/11/23,892,58,Extra,T1,Plate 9,sample,Day 7,
4/11/23,893,77,Extra,T2,Plate 9,sample,Day 7,
4/11/23,894,86,Extra,T2,Plate 9,sample,Day 7,
4/11/23,895,110,Extra,T1,Plate 9,sample,Day 7,
4/11/23,896,,,,Plate 9,sample,Day 7,
4/11/23,897,8,Extra,"T1, Looks bad",Plate 9,sample,Day 7,
4/11/23,898,18,Extra,"T2, little pale",Plate 9,sample,Day 7,
4/11/23,899,874-1,Extra,T7,Plate 9,sample,Day 7,
4/11/23,900,871-11,Extra,T7,Plate 9,sample,Day 7,
4/11/23,901,873-6,Extra,T3,Plate 9,sample,Day 7,
4/11/23,902,1271-1,Extra,T3,Plate 9,sample,Day 7,
4/11/23,903,872-3,Extra,T3,Plate 9,sample,Day 7,
4/11/23,904,1293-6,HI_Control_2,,Plate 9,sample,Day 7,
4/11/23,905,1293-4,Extra,T3,Plate 9,sample,Day 7,
4/11/23,906,1273-8,Extra,T7,Plate 9,sample,Day 7,
4/11/23,907,1281-11,Extra,T3,Plate 9,sample,Day 7,
4/11/23,908,1291-6,Extra,T3,Plate 9,sample,Day 7,
4/11/23,909,1291-6B,Extra,"T3, tissue loss",Plate 15,sample,Day 7,
4/11/23,910,40,Extra,T2,Plate 15,sample,Day 7,
4/11/23,911,99,Extra,"T1, placed in tube 911",Plate 15,sample,Day 7,
4/11/23,C,Turbinaria peltata,,New corals from Underwater Beauty moving into the NWQ (sampled before put in NWQ),,sample,Day 7,
4/11/23,D,Pocillopora damicornis,,New corals from Underwater Beauty moving into the NWQ (sampled before put in NWQ),,sample,Day 7,
4/11/23,E,Duncan,,New corals from Underwater Beauty moving into the NWQ (sampled before put in NWQ),,sample,Day 7,
4/11/23,F,Turbenaria renophormus,,New corals from Underwater Beauty moving into the NWQ (sampled before put in NWQ),,sample,Day 7,
4/11/23,G,Plerogyra sp.,,New corals from Underwater Beauty moving into the NWQ (sampled before put in NWQ),,sample,Day 7,
4/11/23,H,Sinularia brassica or dura,,New corals from Underwater Beauty moving into the NWQ (sampled before put in NWQ),,sample,Day 7,
4/11/23,I,Trachyphyllia yellow,,New corals from Underwater Beauty moving into the NWQ (sampled before put in NWQ),,sample,Day 7,
4/18/23,912,Fimbriaphyllia paranchora,NWH4,Added to NWH,Plate 15,System_coral,System_coral,
4/18/23,913,Porites cylindrica,NWH4,Added to NWH,Plate 15,System_coral,System_coral,
4/18/23,914,Cholastria furcata,NWH4,Added to NWH,Plate 15,System_coral,System_coral,
4/18/23,915,Pavona desoto,NWH4,Added to NWH,Plate 15,System_coral,System_coral,
4/18/23,916,Echinopora lamulosa,NWH2,Added to NWH,Plate 15,System_coral,System_coral,
4/18/23,917,Murlinia sp. ,NWH2,Added to NWH,Plate 15,System_coral,System_coral,
4/25/23,918,1281-7,President's,,Plate 10,sample,Week 3,
4/25/23,919,1291-2,President's,,Plate 10,sample,Week 3,
4/25/23,920,1293-7,President's,,Plate 10,sample,Week 3,
4/25/23,921,1283-3,President's,,Plate 10,sample,Week 3,
4/25/23,922,872-8,President's,,Plate 10,sample,Week 3,
4/25/23,923,1271-6,President's,,Plate 10,sample,Week 3,
4/25/23,924,873.7,President's,,Plate 10,sample,Week 3,
4/25/23,925,871-5,President's,,Plate 10,sample,Week 3,
4/25/23,926,874-4,President's,,Plate 10,sample,Week 3,
4/25/23,927,56,President's,,Plate 10,sample,Week 3,
4/25/23,928,68,President's,,Plate 10,sample,Week 3,
4/25/23,929,101,President's,,Plate 10,sample,Week 3,
4/25/23,930,81,President's,,Plate 10,sample,Week 3,
4/25/23,931,91,President's,,Plate 10,sample,Week 3,
4/25/23,932,37,President's,,Plate 10,sample,Week 3,
4/25/23,933,9,President's,,Plate 10,sample,Week 3,
4/25/23,934,21,President's,,Plate 10,sample,Week 3,
4/25/23,935,50,President's,,Plate 10,sample,Week 3,
4/25/23,936,874-9,P13,,Plate 10,sample,Week 3,
4/25/23,937,871-2,P13,,Plate 10,sample,Week 3,
4/25/23,938,873-8,P13,,Plate 10,sample,Week 3,
4/25/23,939,1271-3,P13,,Plate 10,sample,Week 3,
4/25/23,940,872-10,P13,,Plate 10,sample,Week 3,
4/25/23,941,1283-10,P13,,Plate 10,sample,Week 3,
4/25/23,942,1293-8,P13,,Plate 10,sample,Week 3,
4/25/23,943,1291-10,P13,,Plate 10,sample,Week 3,
4/25/23,944,1273-3,P13,,Plate 10,sample,Week 3,
4/25/23,945,1281-2,P13,,Plate 10,sample,Week 3,
4/25/23,946,60,P13,,Plate 10,sample,Week 3,
4/25/23,947,76,P13,,Plate 10,sample,Week 3,
4/25/23,948,85,P13,,Plate 10,sample,Week 3,
4/25/23,949,109,P13,,Plate 10,sample,Week 3,
4/25/23,950,89,P13,,Plate 10,sample,Week 3,
4/25/23,951,36,P13,,Plate 10,sample,Week 3,
4/25/23,952,6,P13,,Plate 10,sample,Week 3,
4/25/23,953,13,P13,,Plate 10,sample,Week 3,
4/25/23,954,33,P13,,Plate 10,sample,Week 3,
4/25/23,955,51,P13,,Plate 10,sample,Week 3,
4/25/23,956,874-11,P4,,Plate 10,sample,Week 3,
4/25/23,957,871-9,P4,,Plate 10,sample,Week 3,
4/25/23,958,873-5,P4,,Plate 10,sample,Week 3,
4/25/23,959,1271-4,P4,,Plate 10,sample,Week 3,
4/25/23,X,1273-5,President's,,Plate 10,sample,Week 3,
4/25/23,Y,27,President's,,Plate 10,sample,Week 3,
4/25/23,960,872-5,P4,,Plate 10,sample,Week 3,
4/25/23,961,1283-7,P4,,Plate 10,sample,Week 3,
4/25/23,962,1293-11,P4,,Plate 10,sample,Week 3,
4/25/23,963,1291-9,P4,,Plate 10,sample,Week 3,
4/25/23,964,1273-2,P4,,Plate 10,sample,Week 3,
4/25/23,965,1281-6,P4,,Plate 10,sample,Week 3,
4/25/23,966,61,P4,,Plate 10,sample,Week 3,
4/25/23,967,74,P4,,Plate 10,sample,Week 3,
4/25/23,968,80,P4,,Plate 10,sample,Week 3,
4/25/23,969,103,P4,,Plate 10,sample,Week 3,
4/25/23,970,98,P4,,Plate 10,sample,Week 3,
4/25/23,971,35,P4,,Plate 10,sample,Week 3,
4/25/23,972,4,P4,some tissue loss,Plate 10,sample,Week 3,
4/25/23,973,19,P4,,Plate 10,sample,Week 3,
4/25/23,974,23,P4,,Plate 10,sample,Week 3,
4/25/23,975,47,P4,,Plate 10,sample,Week 3,
4/25/23,976,874-7,NWQ2,,Plate 10,sample,Week 3,
4/25/23,977,871-1,NWQ2,,Plate 10,sample,Week 3,
4/25/23,978,873-1,NWQ2,,Plate 10,sample,Week 3,
4/25/23,979,1271-9,NWQ2,,Plate 10,sample,Week 3,
4/25/23,980,872-1,NWQ2,,Plate 10,sample,Week 3,
4/25/23,981,1283-5,NWQ2,,Plate 10,sample,Week 3,
4/25/23,982,1293-5,NWQ2,,Plate 10,sample,Week 3,
4/25/23,983,1291-7,NWQ2,,Plate 10,sample,Week 3,
4/25/23,984,1273-11,NWQ2,,Plate 10,sample,Week 3,
4/25/23,985,1281-4,NWQ2,,Plate 10,sample,Week 3,
4/25/23,986,64,NWQ2,,Plate 10,sample,Week 3,
4/25/23,987,70,NWQ2,,Plate 10,sample,Week 3,
4/25/23,988,84,NWQ2,,Plate 10,sample,Week 3,
4/25/23,989,100,NWQ2,,Plate 10,sample,Week 3,
4/25/23,990,96,NWQ2,,Plate 10,sample,Week 3,
4/25/23,991,38,NWQ2,,Plate 10,sample,Week 3,
4/25/23,992,3,NWQ2,,Plate 10,sample,Week 3,
4/25/23,993,14,NWQ2,,Plate 10,sample,Week 3,
4/25/23,994,28,NWQ2,,Plate 10,sample,Week 3,
4/25/23,995,48,NWQ2,,Plate 10,sample,Week 3,
4/25/23,996,874-6,NWQ4,,Plate 10,sample,Week 3,
4/25/23,997,871-7,NWQ4,,Plate 10,sample,Week 3,
4/25/23,998,873-2,NWQ4,,Plate 10,sample,Week 3,
4/25/23,999,1271-7,NWQ4,,Plate 10,sample,Week 3,
4/25/23,1000,872-11,NWQ4,,Plate 10,sample,Week 3,
4/25/23,1001,1283-8,NWQ4,,Plate 10,sample,Week 3,
4/25/23,1002,1293-1,NWQ4,,Plate 10,sample,Week 3,
4/25/23,1003,1291-2,NWQ4,,Plate 10,sample,Week 3,
4/25/23,1004,1273-10,NWQ4,,Plate 10,sample,Week 3,
4/25/23,1005,1281-8,NWQ4,,Plate 10,sample,Week 3,
4/25/23,1006,59,NWQ4,,Plate 10,sample,Week 3,
4/25/23,1007,67,NWQ4,,Plate 10,sample,Week 3,
4/25/23,1008,87,NWQ4,,Plate 10,sample,Week 3,
4/25/23,1009,107,NWQ4,,Plate 10,sample,Week 3,
4/25/23,1010,92,NWQ4,,Plate 10,sample,Week 3,
4/25/23,1011,39,NWQ4,,,sample,Week 3,
4/25/23,1012,1,NWQ4,,Plate 11,sample,Week 3,
4/25/23,1013,15,NWQ4,,Plate 11,sample,Week 3,
4/25/23,1014,24,NWQ4,,Plate 11,sample,Week 3,
4/25/23,1015,55,NWQ4,,Plate 11,sample,Week 3,
4/25/23,1016,874-8,HI_Control_1,,Plate 11,sample,Week 3,
4/25/23,1017,871-8,HI_Control_1,,Plate 11,sample,Week 3,
4/25/23,1018,873-9,HI_Control_1,,Plate 11,sample,Week 3,
4/25/23,1019,1271-11,HI_Control_1,,Plate 11,sample,Week 3,
4/25/23,1020,872-9,HI_Control_1,,Plate 11,sample,Week 3,
4/25/23,1021,1283-9,HI_Control_1,,Plate 11,sample,Week 3,
4/25/23,1022,1293-9,HI_Control_1,,Plate 11,sample,Week 3,
4/25/23,1023,1291-11,HI_Control_1,,Plate 11,sample,Week 3,
4/25/23,1024,1273-11,HI_Control_1,"""Dash"" 4 or 11",Plate 11,sample,Week 3,
4/25/23,1025,1281-10,HI_Control_1,Pale at sample site,Plate 11,sample,Week 3,
4/25/23,1026,873-6,HI_Control_1,,Plate 11,sample,Week 3,
4/25/23,1027,1271-1,HI_Control_1,,Plate 11,sample,Week 3,
4/25/23,1028,872-3,HI_Control_1,,Plate 11,sample,Week 3,
4/25/23,1029,1293-4,HI_Control_1,,Plate 11,sample,Week 3,
4/25/23,1030,1281-11,HI_Control_1,,Plate 11,sample,Week 3,
4/25/23,1031,1291-6,HI_Control_1,,Plate 11,sample,Week 3,
4/25/23,1032,874-10,HI_Control_2,,Plate 11,sample,Week 3,
4/25/23,1033,871-4,HI_Control_2,,Plate 11,sample,Week 3,
4/25/23,1034,873-3,HI_Control_2,,Plate 11,sample,Week 3,
4/25/23,1035,1271-5,HI_Control_2,,Plate 11,sample,Week 3,
4/25/23,1036,872-7,HI_Control_2,hard to read,Plate 11,sample,Week 3,
4/25/23,1037,1283-4,HI_Control_2,,Plate 11,sample,Week 3,
4/25/23,1038,1293-6,HI_Control_2,,Plate 11,sample,Week 3,
4/25/23,1039,1291-8,HI_Control_2,,Plate 11,sample,Week 3,
4/25/23,1040,1273-7,HI_Control_2,,Plate 11,sample,Week 3,
4/25/23,1041,1281-3,HI_Control_2,,Plate 11,sample,Week 3,
4/25/23,1042,874-1,HI_Control_2,,Plate 11,sample,Week 3,
4/25/23,1043,871-11,HI_Control_2,,Plate 11,sample,Week 3,
4/25/23,1044,1283-6,HI_Control_2,,Plate 11,sample,Week 3,
4/25/23,1045,1273-8,HI_Control_2,,Plate 11,sample,Week 3,
4/25/23,1046,1291-6B,HI_Control_2,"REMOVED dead, Don't sequence",Plate 11,sample,Week 3,
4/25/23,1047,65,Mixed_1,,Plate 11,sample,Week 3,
4/25/23,1048,72,Mixed_1,,Plate 11,sample,Week 3,
4/25/23,1049,79,Mixed_1,,Plate 11,sample,Week 3,
4/25/23,1050,106,Mixed_1,,Plate 11,sample,Week 3,
4/25/23,1051,93,Mixed_1,,Plate 11,sample,Week 3,
4/25/23,1052,34,Mixed_1,,Plate 11,sample,Week 3,
4/25/23,1053,10,Mixed_1,,Plate 11,sample,Week 3,
4/25/23,1054,22,Mixed_1,,Plate 11,sample,Week 3,
4/25/23,1055,29,Mixed_1,,Plate 11,sample,Week 3,
4/25/23,1056,45,Mixed_1,,Plate 11,sample,Week 3,
4/25/23,1057,874-5,Mixed_1,,Plate 11,sample,Week 3,
4/25/23,1058,871-10,Mixed_1,,Plate 11,sample,Week 3,
4/25/23,1059,873-10,Mixed_1,,Plate 11,sample,Week 3,
4/25/23,1060,1271-8,Mixed_1,,Plate 11,sample,Week 3,
4/25/23,1061,872-4,Mixed_1,,Plate 11,sample,Week 3,
4/25/23,1062,1283-2,Mixed_1,Little tissue loss at base,Plate 11,sample,Week 3,
4/25/23,1063,1293-2,Mixed_1,,Plate 11,sample,Week 3,
4/25/23,1064,1291-4,Mixed_1,,Plate 11,sample,Week 3,
4/25/23,1065,1273-9,Mixed_1,,Plate 11,sample,Week 3,
4/25/23,1066,1281-9,Mixed_1,,Plate 11,sample,Week 3,
4/25/23,1067,62,Mixed_2,,Plate 11,sample,Week 3,
4/25/23,1068,75,Mixed_2,,Plate 11,sample,Week 3,
4/25/23,1069,78,Mixed_2,,Plate 11,sample,Week 3,
4/25/23,1070,105,Mixed_2,,Plate 11,sample,Week 3,
4/25/23,1071,95,Mixed_2,,Plate 11,sample,Week 3,
4/25/23,1072,43,Mixed_2,,Plate 11,sample,Week 3,
4/25/23,1073,5,Mixed_2,some tissue loss,Plate 11,sample,Week 3,
4/25/23,1074,12,Mixed_2,,Plate 11,sample,Week 3,
4/25/23,1075,25,Mixed_2,,Plate 11,sample,Week 3,
4/25/23,1076,54,Mixed_2,,Plate 11,sample,Week 3,
4/25/23,1077,874-3,Mixed_2,,Plate 11,sample,Week 3,
4/25/23,1078,871-6,Mixed_2,,Plate 11,sample,Week 3,
4/25/23,1079,873-11,Mixed_2,,Plate 11,sample,Week 3,
4/25/23,1080,1271-2,Mixed_2,,Plate 11,sample,Week 3,
4/25/23,1081,872-2,Mixed_2,,Plate 11,sample,Week 3,
4/25/23,1082,1283-11,Mixed_2,,Plate 11,sample,Week 3,
4/25/23,1083,1293-3,Mixed_2,,Plate 11,sample,Week 3,
4/25/23,1084,1291-1,Mixed_2,,Plate 11,sample,Week 3,
4/25/23,1085,1273-6,Mixed_2,,Plate 11,sample,Week 3,
4/25/23,1086,1281-1,Mixed_2,,Plate 11,sample,Week 3,
4/25/23,1087,63,FL_Control_1,,Plate 11,sample,Week 3,
4/25/23,1088,73,FL_Control_1,,Plate 11,sample,Week 3,
4/25/23,1089,82,FL_Control_1,,Plate 11,sample,Week 3,
4/25/23,1090,102,FL_Control_1,,Plate 11,sample,Week 3,
4/25/23,1091,94,FL_Control_1,,Plate 11,sample,Week 3,
4/25/23,1092,44,FL_Control_1,,Plate 11,sample,Week 3,
4/25/23,1093,2,FL_Control_1,,Plate 11,sample,Week 3,
4/25/23,1094,16,FL_Control_1,,Plate 11,sample,Week 3,
4/25/23,1095,32,FL_Control_1,,Plate 11,sample,Week 3,
4/25/23,1096,52,FL_Control_1,,Plate 11,sample,Week 3,
4/25/23,1097,58,FL_Control_1,,Plate 11,sample,Week 3,
4/25/23,1098,110,FL_Control_1,,Plate 11,sample,Week 3,
4/25/23,1099,99,FL_Control_1,,Plate 11,sample,Week 3,
4/25/23,1100,8,FL_Control_1,Tissue loss,Plate 11,sample,Week 3,
4/25/23,1101,66,FL_Control_2,,Plate 12,sample,Week 3,
4/25/23,1102,71,FL_Control_2,,Plate 11,sample,Week 3,
4/25/23,1103,88,FL_Control_2,,Plate 11,sample,Week 3,
4/25/23,1104,104,FL_Control_2,,Plate 11,sample,Week 3,
4/25/23,1105,97,FL_Control_2,,Plate 11,sample,Week 3,
4/25/23,1106,42,FL_Control_2,,Plate 11,sample,Week 3,
4/25/23,1107,7,FL_Control_2,,Plate 12,sample,Week 3,
4/25/23,1108,17,FL_Control_2,,Plate 12,sample,Week 3,
4/25/23,1109,30,FL_Control_2,,Plate 12,sample,Week 3,
4/25/23,1110,77,FL_Control_2,,Plate 12,sample,Week 3,
4/25/23,1111,86,FL_Control_2,,Plate 12,sample,Week 3,
4/25/23,1112,18,FL_Control_2,some tissue loss,Plate 12,sample,Week 3,
4/25/23,1113,40,FL_Control_2,,Plate 12,sample,Week 3,
4/25/23,1046,,NWQ2,"ross sampled coral before it died, 5/5/23",,sample,Week 3,
5/15/23,1114,1291-3,President's,8:24am ,Plate 7,sample,Week 6,
5/15/23,1115,1291-2,President's,,Plate 7,sample,Week 6,
5/15/23,1116,1293-7,President's,,Plate 7,sample,Week 6,
5/15/23,1117,1283-3,President's,,Plate 7,sample,Week 6,
5/15/23,1118,872-8,President's,,Plate 7,sample,Week 6,
5/15/23,1119,1271-6,President's,,Plate 7,sample,Week 6,
5/15/23,1120,873.7,President's,,Plate 7,sample,Week 6,
5/15/23,1121,871-5,President's,,Plate 7,sample,Week 6,
5/15/23,1122,874-4,President's,,Plate 7,sample,Week 6,
5/15/23,1123,1273-5,President's,,Plate 7,sample,Week 6,
5/15/23,1124,56,President's,,Plate 7,sample,Week 6,
5/15/23,1125,68,President's,,Plate 7,sample,Week 6,
5/15/23,1126,101,President's,,Plate 7,sample,Week 6,
5/15/23,1127,81,President's,,Plate 7,sample,Week 6,
5/15/23,1128,91,President's,,Plate 7,sample,Week 6,
5/15/23,1129,37,President's,,Plate 7,sample,Week 6,
5/15/23,1130,9,President's,some tissue loss,Plate 7,sample,Week 6,
5/15/23,1131,21,President's,,Plate 7,sample,Week 6,
5/15/23,1132,27,President's,,Plate 7,sample,Week 6,
5/15/23,1133,50,President's,,Plate 7,sample,Week 6,
5/15/23,1134,874-9,P13,,Plate 7,sample,Week 6,
5/15/23,1135,871-2,P13,,Plate 7,sample,Week 6,
5/15/23,1136,873-8,P13,,Plate 7,sample,Week 6,
5/15/23,1137,1271-3,P13,,Plate 7,sample,Week 6,
5/15/23,1138,872-10,P13,,Plate 7,sample,Week 6,
5/15/23,1139,1283-10,P13,,Plate 7,sample,Week 6,
5/15/23,1140,1293-8,P13,some pale spots,Plate 7,sample,Week 6,
5/15/23,1141,1291-10,P13,,Plate 7,sample,Week 6,
5/15/23,1142,1273-3,P13,,Plate 7,sample,Week 6,
5/15/23,1143,1281-2,P13,,Plate 7,sample,Week 6,
5/15/23,1144,60,P13,,Plate 7,sample,Week 6,
5/15/23,1145,76,P13,,Plate 7,sample,Week 6,
5/15/23,1146,85,P13,,Plate 7,sample,Week 6,
5/15/23,1147,109,P13,,Plate 7,sample,Week 6,
5/15/23,1148,89,P13,,Plate 7,sample,Week 6,
5/15/23,1149,36,P13,,Plate 7,sample,Week 6,
5/15/23,1150,6,P13,,Plate 7,sample,Week 6,
5/15/23,1151,13,P13,,Plate 7,sample,Week 6,
5/15/23,1152,33,P13,,Plate 7,sample,Week 6,
5/15/23,1153,51,P13,,Plate 7,sample,Week 6,
5/15/23,1154,874-11,P4,,Plate 7,sample,Week 6,
5/15/23,1155,871-9,P4,,Plate 7,sample,Week 6,
5/15/23,1156,873-5,P4,,Plate 7,sample,Week 6,
5/15/23,1157,1271-4,P4,,Plate 7,sample,Week 6,
5/15/23,1158,872-5,P4,,Plate 7,sample,Week 6,
5/15/23,1159,1283-7,P4,,Plate 7,sample,Week 6,
5/15/23,1160,1293-11,P4,,Plate 7,sample,Week 6,
5/15/23,1161,1291-9,P4,,Plate 7,sample,Week 6,
5/15/23,1162,1273-2,P4,,Plate 7,sample,Week 6,
5/15/23,1163,1281-6,P4,,Plate 7,sample,Week 6,
5/15/23,1164,61,P4,,Plate 7,sample,Week 6,
5/15/23,1165,74,P4,,Plate 7,sample,Week 6,
5/15/23,1166,80,P4,,Plate 7,sample,Week 6,
5/15/23,1167,103,P4,,Plate 7,sample,Week 6,
5/15/23,1168,98,P4,,Plate 7,sample,Week 6,
5/15/23,1169,35,P4,,Plate 7,sample,Week 6,
5/15/23,1170,4,P4,,Plate 7,sample,Week 6,
5/15/23,1171,19,P4,,Plate 7,sample,Week 6,
5/15/23,1172,23,P4,,Plate 7,sample,Week 6,
5/15/23,1173,47,P4,,Plate 7,sample,Week 6,
5/15/23,1174,874-7,NWQ2,11:30,Plate 7,sample,Week 6,
5/15/23,1175,871-1,NWQ2,,Plate 7,sample,Week 6,
5/15/23,1176,873-1,NWQ2,,Plate 7,sample,Week 6,
5/15/23,1177,1271-9,NWQ2,,Plate 7,sample,Week 6,
5/15/23,1178,872-1,NWQ2,,Plate 7,sample,Week 6,
5/15/23,1179,1283-5,NWQ2,,Plate 7,sample,Week 6,
5/15/23,1180,1293-5,NWQ2,,Plate 7,sample,Week 6,
5/15/23,1181,1291-7,NWQ2,,Plate 7,sample,Week 6,
5/15/23,1182,1273-11,NWQ2,,Plate 7,sample,Week 6,
5/15/23,1183,1281-4,NWQ2,,Plate 7,sample,Week 6,
5/15/23,1184,102,FL_Control_1,,Plate 8,sample,Week 6,
5/15/23,1185,70,NWQ2,,Plate 7,sample,Week 6,
5/15/23,1186,84,NWQ2,,Plate 7,sample,Week 6,
5/15/23,1187,100,NWQ2,,Plate 7,sample,Week 6,
5/15/23,1188,96,NWQ2,,Plate 7,sample,Week 6,
5/15/23,1189,38,NWQ2,,Plate 7,sample,Week 6,
5/15/23,1190,3,NWQ2,,Plate 7,sample,Week 6,
5/15/23,1191,14,NWQ2,,Plate 7,sample,Week 6,
5/15/23,1192,28,NWQ2,,Plate 7,sample,Week 6,
5/15/23,1193,48,NWQ2,,Plate 7,sample,Week 6,
5/15/23,1194,874-6,NWQ4,,Plate 7,sample,Week 6,
5/15/23,1195,871-7,NWQ4,,Plate 7,sample,Week 6,
5/15/23,1196,873-2,NWQ4,,Plate 7,sample,Week 6,
5/15/23,1197,1271-7,NWQ4,,Plate 7,sample,Week 6,
5/15/23,1198,872-11,NWQ4,,Plate 7,sample,Week 6,
5/15/23,1199,1283-8,NWQ4,,Plate 7,sample,Week 6,
5/15/23,1200,1293-1,NWQ4,,Plate 7,sample,Week 6,
5/15/23,1201,1291-2,NWQ4,,Plate 7,sample,Week 6,
5/15/23,1202,1273-10,NWQ4,,Plate 7,sample,Week 6,
5/15/23,1203,1281-8,NWQ4,,Plate 7,sample,Week 6,
5/15/23,1204,59,NWQ4,,Plate 15,sample,Week 6,NOTE: Plate 15
5/15/23,1205,67,NWQ4,,Plate 7,sample,Week 6,
5/15/23,1206,87,NWQ4,,Plate 7,sample,Week 6,
5/15/23,1207,107,NWQ4,,Plate 7,sample,Week 6,
5/15/23,1208,92,NWQ4,,Plate 7,sample,Week 6,
5/15/23,1209,39,NWQ4,,Plate 8,sample,Week 6,
5/15/23,1210,1,NWQ4,,Plate 8,sample,Week 6,
5/15/23,1211,15,NWQ4,,Plate 8,sample,Week 6,
5/15/23,1212,24,NWQ4,,Plate 8,sample,Week 6,
5/15/23,1213,55,NWQ4,,Plate 8,sample,Week 6,
5/15/23,1214,874-8,HI_Control_1,,Plate 8,sample,Week 6,
5/15/23,1215,871-8,HI_Control_1,,Plate 8,sample,Week 6,
5/15/23,1216,873-9,HI_Control_1,,Plate 8,sample,Week 6,
5/15/23,1217,1271-11,HI_Control_1,,Plate 8,sample,Week 6,
5/15/23,1218,872-9,HI_Control_1,,Plate 8,sample,Week 6,
5/15/23,1219,1283-9,HI_Control_1,,Plate 8,sample,Week 6,
5/15/23,1220,1293-9,HI_Control_1,,Plate 8,sample,Week 6,
5/15/23,1221,1291-11,HI_Control_1,,Plate 8,sample,Week 6,
5/15/23,1222,1273-11,HI_Control_1,,Plate 8,sample,Week 6,
5/15/23,1223,1281-10,HI_Control_1,,Plate 8,sample,Week 6,
5/15/23,1224,873-6,HI_Control_1,,Plate 8,sample,Week 6,
5/15/23,1225,1271-1,HI_Control_1,,Plate 8,sample,Week 6,
5/15/23,1226,872-3,HI_Control_1,,Plate 8,sample,Week 6,
5/15/23,1227,1293-4,HI_Control_1,,Plate 8,sample,Week 6,
5/15/23,1228,1281-11,HI_Control_1,,Plate 8,sample,Week 6,
5/15/23,1229,1291-6,HI_Control_1,,Plate 8,sample,Week 6,
5/15/23,1230,874-10,HI_Control_2,,Plate 8,sample,Week 6,
5/15/23,1231,871-4,HI_Control_2,,Plate 8,sample,Week 6,
5/15/23,1232,873-3,HI_Control_2,,Plate 8,sample,Week 6,
5/15/23,1233,1271-5,HI_Control_2,,Plate 8,sample,Week 6,
5/15/23,1234,872-7,HI_Control_2,,Plate 8,sample,Week 6,
5/15/23,1235,1283-4,HI_Control_2,,Plate 8,sample,Week 6,
5/15/23,1236,1293-6,HI_Control_2,,Plate 8,sample,Week 6,
5/15/23,1237,1291-8,HI_Control_2,,Plate 8,sample,Week 6,
5/15/23,1238,1273-7,HI_Control_2,,Plate 8,sample,Week 6,
5/15/23,1239,1281-3,HI_Control_2,,Plate 8,sample,Week 6,
5/15/23,1240,874-1,HI_Control_2,,Plate 8,sample,Week 6,
5/15/23,1241,871-11,HI_Control_2,,Plate 8,sample,Week 6,
5/15/23,1242,1283-6,HI_Control_2,,Plate 8,sample,Week 6,
5/15/23,1243,1273-8,HI_Control_2,,Plate 8,sample,Week 6,
5/15/23,1244,65,Mixed_1,,Plate 8,sample,Week 6,
5/15/23,1245,72,Mixed_1,,Plate 8,sample,Week 6,
5/15/23,1246,79,Mixed_1,,Plate 8,sample,Week 6,
5/15/23,1247,106,Mixed_1,,Plate 8,sample,Week 6,
5/15/23,1248,93,Mixed_1,,Plate 8,sample,Week 6,
5/15/23,1249,34,Mixed_1,,Plate 8,sample,Week 6,
5/15/23,1250,10,Mixed_1,25% tissue loss,Plate 8,sample,Week 6,
5/15/23,1251,22,Mixed_1,,Plate 8,sample,Week 6,
5/15/23,1252,29,Mixed_1,10% tissue loss,Plate 8,sample,Week 6,
5/15/23,1253,45,Mixed_1,,Plate 8,sample,Week 6,
5/15/23,1254,874-5,Mixed_1,,Plate 8,sample,Week 6,
5/15/23,1255,871-10,Mixed_1,,Plate 8,sample,Week 6,
5/15/23,1256,873-10,Mixed_1,,Plate 8,sample,Week 6,
5/15/23,1257,1271-8,Mixed_1,,Plate 8,sample,Week 6,
5/15/23,1258,872-4,Mixed_1,,Plate 8,sample,Week 6,
5/15/23,1259,1283-2,Mixed_1,,Plate 8,sample,Week 6,
5/15/23,1260,1293-2,Mixed_1,,Plate 8,sample,Week 6,
5/15/23,1261,1291-4,Mixed_1,,Plate 8,sample,Week 6,
5/15/23,1262,1273-9,Mixed_1,,Plate 8,sample,Week 6,
5/15/23,1263,1281-9,Mixed_1,,Plate 8,sample,Week 6,
5/15/23,1264,62,Mixed_2,,Plate 8,sample,Week 6,
5/15/23,1265,75,Mixed_2,,Plate 8,sample,Week 6,
5/15/23,1266,78,Mixed_2,,Plate 8,sample,Week 6,
5/15/23,1267,105,Mixed_2,,Plate 8,sample,Week 6,
5/15/23,1268,95,Mixed_2,,Plate 8,sample,Week 6,
5/15/23,1269,43,Mixed_2,,Plate 9,sample,Week 6,
5/15/23,1270,5,Mixed_2,,Plate 9,sample,Week 6,
5/15/23,1271,12,Mixed_2,,Plate 9,sample,Week 6,
5/15/23,1272,25,Mixed_2,,Plate 9,sample,Week 6,
5/15/23,1273,54,Mixed_2,,Plate 9,sample,Week 6,
5/15/23,1274,874-3,Mixed_2,,Plate 9,sample,Week 6,
5/15/23,1275,871-6,Mixed_2,,Plate 9,sample,Week 6,
5/15/23,1276,873-11,Mixed_2,,Plate 9,sample,Week 6,
5/15/23,1277,1271-2,Mixed_2,,Plate 9,sample,Week 6,
5/15/23,1278,872-2,Mixed_2,,Plate 15,sample,Week 6,
5/15/23,1279,1283-11,Mixed_2,,Plate 15,sample,Week 6,
5/15/23,1280,1293-3,Mixed_2,,Plate 15,sample,Week 6,
5/15/23,1281,1291-1,Mixed_2,,Plate 15,sample,Week 6,
5/15/23,1282,1273-6,Mixed_2,,Plate 15,sample,Week 6,
5/15/23,1283,1281-1,Mixed_2,,Plate 15,sample,Week 6,
5/15/23,1284,63,FL_Control_1,,Plate 9,sample,Week 6,
5/15/23,1285,73,FL_Control_1,,Plate 9,sample,Week 6,
,1286,,,,Plate 15,,,skipped on 5.15 keep eye out for if used another day
,1287,,,,Plate 15,,,skipped on 5.15 keep eye out for if used another day
,1288,,,,Plate 15,,,skipped on 5.15 keep eye out for if used another day
5/15/23,1290,82,FL_Control_1,,Plate 9,sample,Week 6,
,1291,,,,Plate 9,sample,Week 6,
5/15/23,1292,94,FL_Control_1,,Plate 9,sample,Week 6,
5/15/23,1293,44,FL_Control_1,,Plate 9,sample,Week 6,
5/15/23,1294,2,FL_Control_1,,Plate 9,sample,Week 6,
5/15/23,1295,16,FL_Control_1,,Plate 9,sample,Week 6,
5/15/23,1296,32,FL_Control_1,,Plate 9,sample,Week 6,
5/15/23,1297,52,FL_Control_1,,Plate 9,sample,Week 6,
5/15/23,1298,58,FL_Control_1,,Plate 9,sample,Week 6,
5/15/23,1299,110,FL_Control_1,,Plate 9,sample,Week 6,
5/15/23,1300,99,FL_Control_1,,Plate 9,sample,Week 6,
5/15/23,1301,8,FL_Control_1,"50% tissue loss, no NW",Plate 9,sample,Week 6,
5/15/23,1302,66,FL_Control_2,,Plate 9,sample,Week 6,
5/15/23,1303,71,FL_Control_2,,Plate 9,sample,Week 6,
5/15/23,1304,88,FL_Control_2,,Plate 9,sample,Week 6,
5/15/23,1305,104,FL_Control_2,,Plate 9,sample,Week 6,
5/15/23,1306,97,FL_Control_2,,Plate 9,sample,Week 6,
5/15/23,1307,42,FL_Control_2,,Plate 9,sample,Week 6,
5/15/23,1308,7,FL_Control_2,"40% mortality, no NW",Plate 9,sample,Week 6,
5/15/23,1309,17,FL_Control_2,,Plate 9,sample,Week 6,
5/15/23,1310,30,FL_Control_2,,Plate 9,sample,Week 6,
5/15/23,1311,77,FL_Control_2,,Plate 9,sample,Week 6,
5/15/23,1312,86,FL_Control_2,,Plate 9,sample,Week 6,
5/15/23,1313,18,FL_Control_2,10% mortality,Plate 9,sample,Week 6,
5/15/23,1314,40,FL_Control_2,,Plate 9,sample,Week 6,
5/16/23,1315,873-2,T5,,Plate 15,sample,Week 6,
5/16/23,1316,874-11,T5,,Plate 15,sample,Week 6,
5/16/23,1317,87X-11,T5,,Plate 15,sample,Week 6,
5/16/23,1318,12xx-11,T5,,Plate 15,sample,Week 6,
5/16/23,1319,871-9,T5,,Plate 15,sample,Week 6,
5/16/23,1320,1287-X,T5,,Plate 15,sample,Week 6,
5/16/23,1321,128X-6,T5,,Plate 15,sample,Week 6,
5/16/23,1322,1291-2,T5,,Plate 15,sample,Week 6,
5/16/23,1323,1273-2,T5,,Plate 15,sample,Week 6,
5/16/23,1324,1283-6,T5,,Plate 15,sample,Week 6,
5/16/23,1325,4,T5,,Plate 15,sample,Week 6,
5/16/23,1326,35,T5,,Plate 15,sample,Week 6,
5/16/23,1327,15,T5,,Plate 15,sample,Week 6,
5/16/23,1328,23,T5,,Plate 15,sample,Week 6,
5/16/23,1329,55,T5,,Plate 15,sample,Week 6,
5/16/23,1330,98,T5,,Plate 15,sample,Week 6,
5/16/23,1331,74,T5,,Plate 15,sample,Week 6,
5/16/23,1332,61,T5,,Plate 15,sample,Week 6,
5/16/23,1333,87,T5,,Plate 15,sample,Week 6,
5/16/23,1334,107,T5,,Plate 15,sample,Week 6,
5/16/23,1335,87x-3,T6,,Plate 15,sample,Week 6,
5/16/23,1336,873-5,T6,,Plate 16,sample,Week 6,
5/16/23,1337,874-6,T6,,Plate 16,sample,Week 6,
5/16/23,1338,1271-7,T6,,Plate 16,sample,Week 6,
5/16/23,1339,873-5,T6,,Plate 16,sample,Week 6,
5/16/23,1340,128x-8,T6,,Plate 16,sample,Week 6,
5/16/23,1341,1293-1,T6,,Plate 16,sample,Week 6,
5/16/23,1342,1293-11,T6,,Plate 16,sample,Week 6,
5/16/23,1343,1273-10,T6,,Plate 16,sample,Week 6,
5/16/23,1344,1291-9,T6,,Plate 16,sample,Week 6,
5/16/23,1345,70,T6,,Plate 16,sample,Week 6,
5/16/23,1346,92,T6,,Plate 16,sample,Week 6,
5/16/23,1347,59,T6,,Plate 16,sample,Week 6,
5/16/23,1348,103,T6,,Plate 16,sample,Week 6,
5/16/23,1349,80,T6,,Plate 16,sample,Week 6,
5/16/23,1350,67,T6,,Plate 16,sample,Week 6,
5/16/23,1351,39,T6,,Plate 16,sample,Week 6,
5/16/23,1352,19,T6,,Plate 16,sample,Week 6,
5/16/23,1353,47,T6,,Plate 16,sample,Week 6,
5/16/23,1354,1,T6,,Plate 16,sample,Week 6,
5/16/23,1355,24,T6,,Plate 16,sample,Week 6,
,1356,,,,Plate 16,,,
,1357,,,,Plate 16,,,
,1362,,,,Plate 16,,,
,1363,,,,Plate 16,,,
,1364,,,,Plate 16,,,
,1365,,,,Plate 16,,,
,1366,,,,Plate 16,,,
,1367,,,,Plate 16,,,
,1368,,,,Plate 16,,,
,1369,,,,Plate 16,,,
,1370,,,,Plate 16,,,
,1371,,,,Plate 16,,,
3/7/24,1420,101,,Before moving to Quad,Plate 16,AFTERexperiment,Post,
3/7/24,1421,81,,Before moving to Quad,Plate 16,AFTERexperiment,Post,
3/7/24,1422,68,,Before moving to Quad,Plate 16,AFTERexperiment,Post,
3/7/24,1423,91,,Before moving to Quad,Plate 16,AFTERexperiment,Post,
3/7/24,1424,56,,Before moving to Quad,Plate 16,AFTERexperiment,Post,
5/22/23,1452,874-11,P4,,Plate 16,antibiotics,antibiotics,
5/22/23,1453,871-9,P4,,Plate 16,antibiotics,antibiotics,
5/22/23,1454,873-5,P4,,Plate 16,antibiotics,antibiotics,
5/22/23,1455,1271-4,P4,REAL 1293-11 from tank 6 ,Plate 16,,,
5/22/23,1456,872-5,P4,,Plate 16,antibiotics,antibiotics,
5/22/23,1457,1283-7,P4,,Plate 16,antibiotics,antibiotics,
5/22/23,1458,1293-11,P4,"in tank 5, see pic, check number, it was wrong",Plate 16,antibiotics,antibiotics,
5/22/23,1459,1291-9,P4,,Plate 16,antibiotics,antibiotics,
5/22/23,1460,1273-2,P4,,Plate 16,antibiotics,antibiotics,
5/22/23,1461,1281-6,P4,,Plate 16,antibiotics,antibiotics,
5/22/23,1462,61,P4,,Plate 16,antibiotics,antibiotics,
5/22/23,1463,74,P4,,Plate 16,antibiotics,antibiotics,
5/22/23,1464,80,P4,,Plate 16,antibiotics,antibiotics,
5/22/23,1465,103,P4,,Plate 16,antibiotics,antibiotics,
5/22/23,1466,98,P4,,Plate 16,antibiotics,antibiotics,
5/22/23,1467,35,P4,,Plate 16,antibiotics,antibiotics,
5/22/23,1468,4,P4,,Plate 16,antibiotics,antibiotics,
5/22/23,1469,19,P4,,Plate 16,antibiotics,antibiotics,
5/22/23,1470,23,P4,,Plate 16,antibiotics,antibiotics,
5/22/23,1471,47,P4,,Plate 16,antibiotics,antibiotics,
5/22/23,1472,874-6,NWQ4,,Plate 16,antibiotics,antibiotics,
5/22/23,1473,871-7,NWQ4,,Plate 16,antibiotics,antibiotics,
5/22/23,1474,873-2,NWQ4,,Plate 16,antibiotics,antibiotics,
5/22/23,1475,1271-7,NWQ4,,Plate 16,antibiotics,antibiotics,
5/22/23,1476,872-11,NWQ4,,Plate 16,antibiotics,antibiotics,
5/22/23,1477,1283-8,NWQ4,,Plate 16,antibiotics,antibiotics,
5/22/23,1478,1293-1,NWQ4,,Plate 16,antibiotics,antibiotics,
5/22/23,1479,1291-2,NWQ4,,Plate 16,antibiotics,antibiotics,
5/22/23,1480,1273-10,NWQ4,,Plate 16,antibiotics,antibiotics,
5/22/23,1481,1281-8,NWQ4,,Plate 16,antibiotics,antibiotics,
5/22/23,1482,59,NWQ4,,Plate 16,antibiotics,antibiotics,
5/22/23,1483,67,NWQ4,,Plate 16,antibiotics,antibiotics,
5/22/23,1484,87,NWQ4,,Plate 16,antibiotics,antibiotics,
5/22/23,1485,107,NWQ4,,Plate 16,antibiotics,antibiotics,
5/22/23,1486,92,NWQ4,,Plate 16,antibiotics,antibiotics,
5/22/23,1487,39,NWQ4,,Plate 16,antibiotics,antibiotics,
5/22/23,1488,1,NWQ4,,Plate 16,antibiotics,antibiotics,
5/22/23,1489,15,NWQ4,,Plate 16,antibiotics,antibiotics,
5/22/23,1490,24,NWQ4,,Plate 16,antibiotics,antibiotics,
5/22/23,1491,55,NWQ4,,Plate 17,antibiotics,antibiotics,
5/22/23,1492,,HI_Control_1,,Plate 17,antibiotics,antibiotics,
5/22/23,1493,874-8,HI_Control_1,,Plate 17,antibiotics,antibiotics,
5/22/23,1494,871-8,HI_Control_1,,Plate 17,antibiotics,antibiotics,
5/22/23,1495,873-9,HI_Control_1,,Plate 17,antibiotics,antibiotics,
5/22/23,1496,1271-11,HI_Control_1,,Plate 17,antibiotics,antibiotics,
5/22/23,1497,872-9,HI_Control_1,,Plate 17,antibiotics,antibiotics,
5/22/23,1498,1283-9,HI_Control_1,,Plate 17,antibiotics,antibiotics,
5/22/23,1499,1293-9,HI_Control_1,,Plate 17,antibiotics,antibiotics,
5/22/23,1500,1291-11,HI_Control_1,,Plate 17,antibiotics,antibiotics,
5/22/23,1501,1273-11,HI_Control_1,,Plate 17,antibiotics,antibiotics,
5/22/23,1502,1281-10,HI_Control_1,,Plate 17,antibiotics,antibiotics,
5/22/23,1503,873-6,HI_Control_1,,Plate 17,antibiotics,antibiotics,
5/22/23,1504,1271-1,HI_Control_1,,Plate 17,antibiotics,antibiotics,
5/22/23,1505,872-3,HI_Control_1,,Plate 17,antibiotics,antibiotics,
5/22/23,1506,1293-4,HI_Control_1,,Plate 17,antibiotics,antibiotics,
5/22/23,1507,1281-11,HI_Control_1,,Plate 17,antibiotics,antibiotics,
5/22/23,1508,1291-6,HI_Control_1,,Plate 17,antibiotics,antibiotics,
5/22/23,1509,874-10,HI_Control_2,,Plate 17,antibiotics,antibiotics,
5/22/23,1510,871-4,HI_Control_2,,Plate 17,antibiotics,antibiotics,
5/22/23,1511,873-3,HI_Control_2,,Plate 17,antibiotics,antibiotics,
5/22/23,1512,1271-5,HI_Control_2,,Plate 17,antibiotics,antibiotics,
5/22/23,1513,872-7,HI_Control_2,,Plate 17,antibiotics,antibiotics,
5/22/23,1514,1283-4,HI_Control_2,,Plate 17,antibiotics,antibiotics,
5/22/23,1515,1293-6,HI_Control_2,,Plate 17,antibiotics,antibiotics,
5/22/23,1516,1291-8,HI_Control_2,,Plate 17,antibiotics,antibiotics,
5/22/23,1517,1273-7,HI_Control_2,,Plate 17,antibiotics,antibiotics,
5/22/23,1518,1281-3,HI_Control_2,,Plate 17,antibiotics,antibiotics,
5/22/23,1519,874-1,HI_Control_2,,Plate 17,antibiotics,antibiotics,
5/22/23,1520,871-11,HI_Control_2,,Plate 17,antibiotics,antibiotics,
5/22/23,1521,1283-6,HI_Control_2,,Plate 17,antibiotics,antibiotics,
5/22/23,1522,1273-8,HI_Control_2,,Plate 17,antibiotics,antibiotics,
5/23/23,1448,874-11,P4,,Plate 16,antibiotics,antibiotics,
5/23/23,1447,871-9,P4,,Plate 16,antibiotics,antibiotics,
5/23/23,1454,873-5,P4,,Plate 16,antibiotics,antibiotics,
5/23/23,1443,1271-4,P4,,Plate 16,antibiotics,antibiotics,
5/23/23,1456,872-5,P4,,Plate 16,antibiotics,antibiotics,
5/23/23,1446,1283-7,P4,,Plate 16,antibiotics,antibiotics,
5/23/23,1458,1293-11,P4,,Plate 16,antibiotics,antibiotics,
5/23/23,1459,1291-9,P4,,Plate 16,antibiotics,antibiotics,
5/23/23,1445,1273-2,P4,,Plate 16,antibiotics,antibiotics,
5/23/23,1444,1281-6,P4,another sample taken tube 1434,Plate 16,antibiotics,antibiotics,
5/23/23,1439,61,P4,dead,Plate 16,antibiotics,antibiotics,
5/23/23,1437,74,P4,dead but shitty little bits left,Plate 16,antibiotics,antibiotics,
5/23/23,1464,80,P4,,Plate 16,antibiotics,antibiotics,
5/23/23,1465,103,P4,,Plate 16,antibiotics,antibiotics,
5/23/23,1438,98,P4,looks dead but some slight color,Plate 16,antibiotics,antibiotics,
5/23/23,1467,35,P4,,Plate 16,antibiotics,antibiotics,
5/23/23,1468,4,P4,,Plate 16,antibiotics,antibiotics,
5/23/23,1469,19,P4,,Plate 16,antibiotics,antibiotics,
5/23/23,1470,23,P4,,Plate 16,antibiotics,antibiotics,
5/23/23,1471,47,P4,,Plate 16,antibiotics,antibiotics,
5/23/23,1472,874-6,NWQ4,,Plate 16,antibiotics,antibiotics,
5/23/23,1473,871-7,NWQ4,,Plate 16,antibiotics,antibiotics,
5/23/23,1449,873-2,NWQ4,,Plate 16,antibiotics,antibiotics,
5/23/23,1475,1271-7,NWQ4,,Plate 16,antibiotics,antibiotics,
5/23/23,1450,872-11,NWQ4,,Plate 16,antibiotics,antibiotics,
5/23/23,1435,1283-8,NWQ4,see photo to confirm frag ID,Plate 16,antibiotics,antibiotics,
5/23/23,1478,1293-1,NWQ4,,Plate 16,antibiotics,antibiotics,
5/23/23,1442,1291-2,NWQ4,,Plate 16,antibiotics,antibiotics,
5/23/23,1480,1273-10,NWQ4,,Plate 16,antibiotics,antibiotics,
5/23/23,1481,1281-8,NWQ4,,Plate 16,antibiotics,antibiotics,
5/23/23,1436,59,NWQ4,,Plate 16,antibiotics,antibiotics,
5/23/23,1483,67,NWQ4,,Plate 16,antibiotics,antibiotics,
5/23/23,1441,87,NWQ4,dead,Plate 16,antibiotics,antibiotics,
5/23/23,1440,107,NWQ4,dead,Plate 16,antibiotics,antibiotics,
5/23/23,1486,92,NWQ4,,Plate 16,antibiotics,antibiotics,
5/23/23,1487,39,NWQ4,,Plate 16,antibiotics,antibiotics,
5/23/23,1488,1,NWQ4,,Plate 16,antibiotics,antibiotics,
5/23/23,1489,15,NWQ4,,Plate 16,antibiotics,antibiotics,
5/23/23,1490,24,NWQ4,,Plate 16,antibiotics,antibiotics,
5/23/23,1491,55,NWQ4,,Plate 17,antibiotics,antibiotics,
5/23/23,1492,70,NWQ4,,Plate 17,antibiotics,antibiotics,
5/23/23,1434,12XX-X,From tank 5 (porites) figure out,,Plate 16,antibiotics,antibiotics,
5/23/23,1523,65,Mixed_1,,Plate 17,antibiotics,antibiotics,
,1524,,,,Plate 17,,,
5/23/23,1527,72,Mixed_1,,Plate 17,antibiotics,antibiotics,
5/23/23,1525,79,Mixed_1,,Plate 17,antibiotics,antibiotics,
5/23/23,1526,106,Mixed_1,,Plate 17,antibiotics,antibiotics,
5/23/23,1451,93,Mixed_1,,Plate 16,antibiotics,antibiotics,
5/23/23,1528,34,Mixed_1,100% dead skeleton/no tissue dont seq,Plate 17,antibiotics,antibiotics,
5/23/23,1529,10,Mixed_1,,Plate 17,antibiotics,antibiotics,
5/23/23,1530,22,Mixed_1,,Plate 17,antibiotics,antibiotics,
5/23/23,1531,29,Mixed_1,,Plate 17,antibiotics,antibiotics,
5/23/23,1532,45,Mixed_1,,Plate 17,antibiotics,antibiotics,
5/23/23,1533,874-5,Mixed_1,,Plate 17,antibiotics,antibiotics,
5/23/23,1534,871-10,Mixed_1,,Plate 17,antibiotics,antibiotics,
5/23/23,1535,873-10,Mixed_1,,Plate 17,antibiotics,antibiotics,
5/23/23,1536,1271-8,Mixed_1,,Plate 17,antibiotics,antibiotics,
5/23/23,1537,872-4,Mixed_1,,Plate 17,antibiotics,antibiotics,
5/23/23,1538,1283-2,Mixed_1,,Plate 17,antibiotics,antibiotics,
5/23/23,1539,1293-2,Mixed_1,,Plate 17,antibiotics,antibiotics,
5/23/23,1540,1291-4,Mixed_1,,Plate 17,antibiotics,antibiotics,
5/23/23,1541,1273-9,Mixed_1,,Plate 17,antibiotics,antibiotics,
5/23/23,1542,1281-9,Mixed_1,,Plate 17,antibiotics,antibiotics,
5/23/23,1543,62,Mixed_2,,Plate 17,antibiotics,antibiotics,
5/23/23,1544,75,Mixed_2,,Plate 17,antibiotics,antibiotics,
5/23/23,1545,78,Mixed_2,,Plate 17,antibiotics,antibiotics,
5/23/23,1546,105,Mixed_2,,Plate 17,antibiotics,antibiotics,
5/23/23,1547,95,Mixed_2,,Plate 17,antibiotics,antibiotics,
5/23/23,1548,43,Mixed_2,,Plate 17,antibiotics,antibiotics,
5/23/23,1549,5,Mixed_2,,Plate 17,antibiotics,antibiotics,
5/23/23,1550,12,Mixed_2,,Plate 17,antibiotics,antibiotics,
5/23/23,1551,25,Mixed_2,,Plate 17,antibiotics,antibiotics,
5/23/23,1552,54,Mixed_2,,Plate 17,antibiotics,antibiotics,
5/23/23,1553,874-3,Mixed_2,,Plate 17,antibiotics,antibiotics,
5/23/23,1554,871-6,Mixed_2,,Plate 17,antibiotics,antibiotics,
5/23/23,1555,873-11,Mixed_2,,Plate 17,antibiotics,antibiotics,
5/23/23,1556,1271-2,Mixed_2,,Plate 17,antibiotics,antibiotics,
5/23/23,1557,872-2,Mixed_2,,Plate 17,antibiotics,antibiotics,
5/23/23,1558,1283-11,Mixed_2,,Plate 17,antibiotics,antibiotics,
5/23/23,1559,1293-3,Mixed_2,,Plate 17,antibiotics,antibiotics,
5/23/23,1560,1291-1,Mixed_2,,Plate 17,antibiotics,antibiotics,
5/23/23,1561,1273-6,Mixed_2,,Plate 17,antibiotics,antibiotics,
5/23/23,1562,1281-1,Mixed_2,,Plate 17,antibiotics,antibiotics,
5/23/23,1563,63,FL_Control_1,,Plate 17,antibiotics,antibiotics,
5/23/23,1564,73,FL_Control_1,,Plate 17,antibiotics,antibiotics,
5/23/23,1565,82,FL_Control_1,,Plate 17,antibiotics,antibiotics,
5/23/23,1566,102,FL_Control_1,,Plate 17,antibiotics,antibiotics,
5/23/23,1567,99,FL_Control_1,,Plate 17,antibiotics,antibiotics,
5/23/23,1568,44,FL_Control_1,,Plate 17,antibiotics,antibiotics,
5/23/23,1569,2,FL_Control_1,,Plate 17,antibiotics,antibiotics,
5/23/23,1570,16,FL_Control_1,,Plate 17,antibiotics,antibiotics,
5/23/23,1571,32,FL_Control_1,,Plate 17,antibiotics,antibiotics,
5/23/23,1572,52,FL_Control_1,,Plate 17,antibiotics,antibiotics,
5/23/23,1573,58,FL_Control_1,,Plate 17,antibiotics,antibiotics,
5/23/23,1574,110,FL_Control_1,,Plate 17,antibiotics,antibiotics,
5/23/23,1575,94,FL_Control_1,,Plate 17,antibiotics,antibiotics,
5/23/23,1576,8,FL_Control_1,looks like crap,Plate 17,antibiotics,antibiotics,
5/23/23,1577,66,FL_Control_2,,Plate 17,antibiotics,antibiotics,
5/23/23,1578,71,FL_Control_2,,Plate 17,antibiotics,antibiotics,
5/23/23,1579,88,FL_Control_2,,Plate 17,antibiotics,antibiotics,
5/23/23,1580,104,FL_Control_2,,Plate 17,antibiotics,antibiotics,
5/23/23,1581,97,FL_Control_2,maybe 100% dead skeleton/no tissue,Plate 17,antibiotics,antibiotics,
5/23/23,1582,42,FL_Control_2,,Plate 17,antibiotics,antibiotics,
5/23/23,1583,7,FL_Control_2,,Plate 17,antibiotics,antibiotics,
5/23/23,1584,17,FL_Control_2,,Plate 17,antibiotics,antibiotics,
5/23/23,1585,30,FL_Control_2,,,antibiotics,antibiotics,
5/23/23,1586,77,FL_Control_2,,,antibiotics,antibiotics,
5/23/23,1587,86,FL_Control_2,,,antibiotics,antibiotics,
5/23/23,1588,18,FL_Control_2,,,antibiotics,antibiotics,
5/23/23,1589,40,FL_Control_2,,,antibiotics,antibiotics,
4/2/23,T18,,President's,,,Sterivex,Sterivex,
4/2/23,T19,,P13,,,Sterivex,Sterivex,
4/2/23,T20,,NWQ2,,,Sterivex,Sterivex,
4/2/23,T21,,NWQ4,,,Sterivex,Sterivex,
4/2/23,T22,,T1,,,Sterivex,Sterivex,
4/2/23,T23,,T2,,,Sterivex,Sterivex,
4/2/23,T24,,T3,,,Sterivex,Sterivex,
4/2/23,T25,,T4,,,Sterivex,Sterivex,
4/2/23,T26,,T5,,,Sterivex,Sterivex,
4/2/23,T27,,T6,,,Sterivex,Sterivex,
4/2/23,T28,,T7,,,Sterivex,Sterivex,
4/2/23,T29,,T8,,,Sterivex,Sterivex,
4/3/23,T30,,T1,,,Sterivex,Sterivex,
4/3/23,T31,,President's,,,Sterivex,Sterivex,
4/3/23,T32,,P13,,,Sterivex,Sterivex,
4/3/23,T33,,P4,,,Sterivex,Sterivex,
4/3/23,T34,,NWQ2,,,Sterivex,Sterivex,
4/3/23,T35,,NWQ4,,,Sterivex,Sterivex,
4/3/23,T36,,T8,,,Sterivex,Sterivex,
4/3/23,T37,,T2,,,Sterivex,Sterivex,
4/3/23,T38,,T3,,,Sterivex,Sterivex,
4/3/23,T39,,T6,,,Sterivex,Sterivex,
4/3/23,T40,,T7,,,Sterivex,Sterivex,
4/6/23,T41,,T3,redo T3 after 4/5 water change 3:35pm,,Sterivex,Sterivex,
4/5/23,T42,,President's,,,Sterivex,Sterivex,
4/5/23,T43,,P13,,,Sterivex,Sterivex,
4/5/23,T44,,P4,,,Sterivex,Sterivex,
4/5/23,T45,,NWQ2,,,Sterivex,Sterivex,
4/5/23,T46,,NWQ4,,,Sterivex,Sterivex,
4/5/23,T47,,T1,,,Sterivex,Sterivex,
4/5/23,T48,,T2,,,Sterivex,Sterivex,
4/5/23,T49,,T3,,,Sterivex,Sterivex,
4/5/23,T50,,T4,,,Sterivex,Sterivex,
4/5/23,T51,,T7,,,Sterivex,Sterivex,
4/5/23,T52,,T8,,,Sterivex,Sterivex,
4/7/23,T53,,President's,,,Sterivex,Sterivex,
4/7/23,T54,,P13,,,Sterivex,Sterivex,
4/7/23,T55,,P4,,,Sterivex,Sterivex,
4/7/23,T56,,NWQ2,,,Sterivex,Sterivex,
4/7/23,T57,,NWQ4,,,Sterivex,Sterivex,
4/7/23,T58,,T1,,,Sterivex,Sterivex,
4/7/23,T59,,T2,,,Sterivex,Sterivex,
4/7/23,T60,,T3,,,Sterivex,Sterivex,
4/7/23,T61,,T4,,,Sterivex,Sterivex,
4/7/23,T62,,T7,,,Sterivex,Sterivex,
4/7/23,T63,,T8,,,Sterivex,Sterivex,
4/11/23,T64,,President's,,,Sterivex,Sterivex,
4/11/23,T65,,P4,,,Sterivex,Sterivex,
4/11/23,T66,,P13,,,Sterivex,Sterivex,
4/11/23,T67,,NWQ2,,,Sterivex,Sterivex,
4/11/23,T68,,NWQ4,,,Sterivex,Sterivex,
4/11/23,T69,,T1,,,Sterivex,Sterivex,
4/11/23,T70,,T2,,,Sterivex,Sterivex,
4/11/23,T71,,T3,,,Sterivex,Sterivex,
4/11/23,T72,,T4,,,Sterivex,Sterivex,
4/11/23,T73,,T7,,,Sterivex,Sterivex,
4/11/23,T74,,T8,,,Sterivex,Sterivex,
4/25/23,T76,,President's,,,Sterivex,Sterivex,
4/25/23,T77,,P4,,,Sterivex,Sterivex,
4/25/23,T78,,P13,,,Sterivex,Sterivex,
4/25/23,T79,,NWQ2,,,Sterivex,Sterivex,
4/25/23,T80,,NWQ4,,,Sterivex,Sterivex,
4/25/23,T81,,T1,,,Sterivex,Sterivex,
4/25/23,T82,,T2,,,Sterivex,Sterivex,
4/25/23,T83,,T3,,,Sterivex,Sterivex,
4/25/23,T84,,T4,,,Sterivex,Sterivex,
4/25/23,T85,,T7,,,Sterivex,Sterivex,
4/25/23,T86,,T8,,,Sterivex,Sterivex,
5/15/23,T87,,President's,,,Sterivex,Sterivex,
5/15/23,T88,,P4,,,Sterivex,Sterivex,
5/15/23,T89,,P13,,,Sterivex,Sterivex,
5/15/23,T90,,NWQ2,,,Sterivex,Sterivex,
5/15/23,T91,,NWQ4,,,Sterivex,Sterivex,
5/15/23,T92,,T1,,,Sterivex,Sterivex,
5/15/23,T93,,T2,,,Sterivex,Sterivex,
5/15/23,T94,,T3,,,Sterivex,Sterivex,
5/15/23,T95,,T4,,,Sterivex,Sterivex,
5/15/23,T96,,T7,,,Sterivex,Sterivex,
5/15/23,T97,,T8,,,Sterivex,Sterivex,
5/15/23,T98,,Mixing basin,,,Sterivex,Sterivex,
,Orange T1,,,,"Chicago River tubes 211-218, DNA plate 4, A1-A8",Sterivex,Sterivex,
,Orange T2,,,,"Chicago River tubes 211-218, DNA plate 4, A1-A8",Sterivex,Sterivex,
,Orange T3,,,,"Chicago River tubes 211-218, DNA plate 4, A1-A8",Sterivex,Sterivex,
,Orange T4,,,,"Chicago River tubes 211-218, DNA plate 4, A1-A8",Sterivex,Sterivex,
,Orange T5,,,,"Chicago River tubes 211-218, DNA plate 4, A1-A8",Sterivex,Sterivex,
,Orange T6,,,,"Chicago River tubes 211-218, DNA plate 4, A1-A8",Sterivex,Sterivex,
,Orange T7,,,,"Chicago River tubes 211-218, DNA plate 4, A1-A8",Sterivex,Sterivex,
,Orange T8,,,,"Chicago River tubes 211-218, DNA plate 4, A1-A8",Sterivex,Sterivex,